Name,Address.Latitude,Address.Longitude,DBSCAN_labels_case1,DBSCAN_labels_case2,DBSCAN_labels_case3,DBSCAN_labels_case4
Oxford,33.608825,-85.783182,0,0,0,0
Opelika,32.618108,-85.410636,0,0,0,0
Carrollton,33.55892,-85.076473,0,0,0,0
Newnan,33.392907,-84.758875,0,0,0,0
Columbus,32.534649,-84.971073,0,0,0,0
Peachtree City,33.436865000000004,-84.59014599999999,0,0,0,0
Montgomery,32.360305,-86.16067,0,0,0,0
Douglasville,33.726106,-84.735376,0,0,0,0
Prattville,32.457557,-86.39550799999999,0,0,0,0
Birmingham 280 Corridor,33.42553,-86.711805,0,0,0,0
Fayetteville,33.481744,-84.43853100000001,0,0,0,0
Trussville,33.605259999999994,-86.63674300000001,0,0,0,0
Hiram,33.885814,-84.744219,0,0,0,0
Alabaster,33.224895000000004,-86.803977,0,0,0,0
East Point,33.659201,-84.499825,0,0,0,0
Homewood,33.467692,-86.774917,0,0,0,0
Austell,33.852078000000006,-84.602475,0,0,0,0
Hoover West,33.361598,-86.852559,0,0,0,0
West Marietta,33.944886,-84.626634,0,0,0,0
Fultondale,33.605595,-86.80623,0,0,0,0
Acworth,34.039709,-84.68378299999999,0,0,0,0
McDonough,33.46739,-84.216511,0,0,0,0
Atlanta Midtown,33.792608,-84.39993100000001,0,0,0,0
Smyrna,33.897945,-84.479481,0,0,0,0
Atlanta Edgewood,33.757275,-84.346626,0,0,0,0
Bessemer,33.334428,-86.990326,0,0,0,0
Cobb,34.009046999999995,-84.573229,0,0,0,0
Buckhead South,33.824116,-84.36314499999999,0,0,0,0
Cartersville,34.172491,-84.785638,0,0,0,0
Buckhead,33.851828000000005,-84.35882099999999,0,0,0,0
North Druid Hills,33.828247,-84.325478,0,0,0,0
Sandy Springs Prado,33.906136,-84.38014100000001,0,0,0,0
Marietta East,33.985,-84.42961,0,0,0,0
Woodstock,34.085767,-84.54593299999999,0,0,0,0
Cobb NE,34.035208000000004,-84.460926,0,0,0,0
Atlanta Perimeter,33.930503,-84.341325,0,0,0,0
Northlake,33.845117,-84.245988,0,0,0,0
Roswell,34.063846000000005,-84.398046,0,0,0,0
Peachtree Corners,33.951431,-84.232282,0,0,0,0
Conyers,33.633390000000006,-84.016216,0,0,0,0
Alpharetta,34.046252,-84.28699399999999,0,0,0,0
Canton,34.234596999999994,-84.456684,0,0,0,0
Riverwood,34.014619,-84.188354,0,0,0,0
Milton,34.099447,-84.269227,0,0,0,0
Snellville,33.874854,-84.01596500000001,0,0,0,0
John's Creek,34.097081,-84.173188,0,0,0,0
Lawrenceville,33.970133000000004,-84.014927,0,0,0,0
Cumming,34.1857,-84.134116,0,0,0,0
Buford,34.070031,-83.98182,0,0,0,0
Tuscaloosa,33.193104,-87.518672,0,0,0,0
Warner Robins,32.616594,-83.686391,0,0,0,0
Winder,33.942788,-83.752011,0,0,0,0
Flowery Branch,34.178722,-83.911284,0,0,0,0
Huntsville South,34.673497999999995,-86.54163199999999,0,0,0,0
Decatur,34.559064,-86.97103,0,0,0,0
Gainesville,34.290556,-83.846503,0,0,0,0
Dothan,31.266492,-85.44680799999999,0,0,0,0
Huntsville West,34.741637,-86.681523,0,0,0,0
Albany,31.621335,-84.224654,0,0,0,0
Madison,34.749313,-86.755874,0,0,0,0
Chattanooga East,35.024344,-85.156006,0,0,0,0
Athens,33.941502,-83.44039000000001,0,0,0,0
Chattanooga North,35.14642,-85.251508,0,0,0,0
Cleveland,35.217441,-84.866113,0,0,0,0
Florence,34.84213,-87.634764,0,0,0,0
Anderson,34.54954,-82.679501,0,0,0,0
Tallahassee North,30.561288,-84.21554,0,0,0,0
Murfreesboro,35.843921,-86.426292,0,0,0,0
Destin,30.390741,-86.480935,0,0,0,0
Pace,30.601174,-87.126274,0,0,0,0
Spring Hill,35.74154,-86.937825,0,0,0,0
Mary Esther,30.410553999999998,-86.658874,0,0,0,0
Evans,33.527174,-82.11865300000001,0,0,0,0
Pier Park,30.219781,-85.868686,0,0,0,0
Tallahassee,30.43252,-84.244336,0,0,0,0
Maryville,35.751971999999995,-83.991525,0,0,0,0
Panama City,30.191229999999997,-85.64915699999999,0,0,0,0
Augusta,33.489996999999995,-82.081301,0,0,0,0
Pensacola NE,30.530082,-87.223828,0,0,0,0
Franklin,35.89233,-86.880687,0,0,0,0
Smyrna,35.979397,-86.571713,0,0,0,0
Valdosta,30.843590000000003,-83.316461,0,0,0,0
Pensacola,30.468992,-87.20859300000001,0,0,0,0
Knoxville South,35.862041999999995,-84.078239,0,0,0,0
Farragut,35.900577,-84.151312,0,0,0,0
Cool Springs,35.96564,-86.812455,0,0,0,0
Knoxville West,35.922124,-84.047781,0,0,0,0
Brentwood,36.042772,-86.779214,0,0,0,0
Mt Juliet,36.168508,-86.508374,0,0,0,0
Pensacola West,30.363162,-87.358086,0,0,0,0
Knoxville NW,36.008464000000004,-84.022171,0,0,0,0
Simpsonville,34.705739,-82.25961099999999,0,0,0,0
Nashville East,36.182625,-86.637907,0,0,0,0
White Bridge,36.130779,-86.85467299999999,0,0,0,0
Greenville,34.830076,-82.308025,0,0,0,0
Nashville West,36.135103,-86.891363,0,0,0,0
Daphne,30.603216999999997,-87.896507,0,0,0,0
Knoxville North,36.036859,-83.88780600000001,0,0,0,0
Aiken,33.504129,-81.71113199999999,0,0,0,0
Bel-Air,30.671391999999997,-88.12001,0,0,0,0
Greer,34.93744,-82.279302,0,0,0,0
Rivergate,36.304198,-86.694594,0,0,0,0
Hendersonville,36.334395,-86.625271,0,0,0,0
Mobile West,30.673882,-88.22830400000001,0,0,0,0
Gulf Shores,30.303573999999998,-87.68052800000001,0,0,0,0
Asheville South,35.448714,-82.535898,0,0,0,0
Spartanburg,34.934124,-82.00911500000001,0,0,0,0
Asheville,35.57295,-82.522312,0,0,0,0
Jackson,35.686565,-88.857722,0,0,0,0
Collierville,35.050644,-89.69038499999999,0,0,0,0
Germantown,35.065207,-89.755729,0,0,0,0
Cordova,35.138077,-89.79806500000001,0,0,0,0
Olive Branch West,34.964928,-89.89869300000001,0,0,0,0
Memphis NE,35.203464000000004,-89.79660799999999,0,0,0,0
Memphis East,35.101357,-89.862978,0,0,0,0
Clarksville,36.586754,-87.292082,0,0,0,0
Memphis Central,35.113176,-89.90361999999999,0,0,0,0
Horn Lake,34.965723,-90.00456,0,0,0,0
Bowling Green,36.949290999999995,-86.43625,0,0,0,0
Flowood,32.343338,-90.06062299999999,0,0,0,0
North Jackson,32.398559999999996,-90.147817,0,0,0,0
Jonesboro,35.822936,-90.666448,0,0,0,0
Hattiesburg,31.323514000000003,-89.385061,0,0,0,0
Owensboro,37.717488,-87.122615,0,0,0,0
Elizabethtown,37.728429,-85.880339,0,0,0,0
D'Iberville,30.454942,-88.899895,0,0,0,0
Covington,30.442442,-90.14066,0,0,0,0
Hammond,30.480532,-90.461589,0,0,0,0
Monroe,32.499827,-92.070689,0,0,0,0
Metairie,30.002898,-90.184112,0,0,0,0
Kenner,30.017065000000002,-90.247514,0,0,0,0
Harvey,29.889546999999997,-90.053431,0,0,0,0
Baton Rouge East,30.441249,-91.022367,0,0,0,0
Baton Rouge Siegen,30.384458000000002,-91.06133100000001,0,0,0,0
Evansville,37.975406,-87.470714,0,0,0,0
Evansville North,38.015727000000005,-87.57646700000001,0,0,0,0
Cape Girardeau,37.299212,-89.58019399999999,0,0,0,0
Louisville Jefferson Pavilion,38.145684,-85.67264200000001,0,0,0,0
Marion,37.749039,-88.979309,0,0,0,0
Bashford Manor,38.198329,-85.670463,0,0,0,0
Jeffersontown,38.215374,-85.594476,0,0,0,0
St Matthews,38.258635999999996,-85.642057,0,0,0,0
New Albany,38.305507,-85.84163199999999,0,0,0,0
Middletown,38.246049,-85.514987,0,0,0,0
Waterford Park,38.327641,-85.764438,0,0,0,0
Springhurst,38.296935,-85.55712199999999,0,0,0,0
Lexington,37.992925,-84.526448,0,0,0,0
Lexington SE,38.022057000000004,-84.41514699999999,0,0,0,0
Gainesville,29.621259000000002,-82.383618,0,0,0,0
Gainesville University of FL,29.653539000000002,-82.338389,0,0,0,0
Houma,29.611226000000002,-90.756986,0,0,0,0
Lafayette N,30.265299,-91.995832,0,0,0,0
Lafayette,30.160103000000003,-92.049102,0,0,0,0
Jacksonville West,30.199232000000002,-81.824713,0,0,0,0
Brunswick,31.200847999999997,-81.48039200000001,0,0,0,0
Ortega,30.234997999999997,-81.695184,0,0,0,0
Yulee,30.630008,-81.553842,0,0,0,0
Fleming Island,30.104009,-81.707476,0,0,0,0
Jacksonville Mandarin,30.188558,-81.62916899999999,0,0,0,0
Regency,30.328925,-81.548558,0,0,0,0
Jacksonville St Johns,30.260515,-81.52501099999999,0,0,0,0
Southside,30.193734000000003,-81.54910500000001,0,0,0,0
Ocala,29.173759000000004,-82.156912,0,0,0,0
Jacksonville East,30.285360999999998,-81.456998,0,0,0,0
Jacksonville Beach,30.253951,-81.390833,0,0,0,0
Johnson City,36.342907000000004,-82.373841,0,0,0,0
Kingsport,36.551845,-82.493877,0,0,0,0
Lexington,34.006787,-81.193833,0,0,0,0
Columbia NW,34.066744,-81.164761,0,0,0,0
Savannah,31.984042,-81.175146,0,0,0,0
Savannah East,32.040926,-81.068312,0,0,0,0
Hilton Head,32.255069,-80.850245,0,0,0,0
Anchorage South,61.129093999999995,-149.881696,1,1,1,1
Anchorage NE,61.226817000000004,-149.745678,1,1,1,1
Wasilla,61.578202000000005,-149.404066,1,1,1,1
Bryant,34.604255,-92.530967,0,0,2,2
Little Rock West,34.755508,-92.414374,0,0,2,2
Little Rock Univer,34.749789,-92.345077,0,0,2,2
Little Rock North,34.788416,-92.228336,0,0,2,2
Conway,35.086431,-92.414034,0,0,2,2
Fort Smith,35.341003,-94.388125,0,0,0,0
Texarkana,33.457924,-94.092134,0,0,0,0
Fayetteville,36.1157,-94.1555,0,0,0,0
Branson,36.673721,-93.22569200000001,0,0,0,0
Rogers,36.299935999999995,-94.173146,0,0,0,0
Bossier City,32.559018,-93.707071,0,0,0,0
Shreveport,32.439556,-93.719634,0,0,0,0
Springfield,37.15155,-93.262384,0,0,0,0
Longview,32.548638000000004,-94.724801,0,0,0,0
Joplin,37.085188,-94.474158,0,0,0,0
Broken Arrow,36.066905,-95.77593900000001,0,0,0,0
Tulsa SE,36.062426,-95.856368,0,0,0,0
Tulsa South,36.018796,-95.884218,0,0,0,0
Tulsa,36.137271999999996,-95.920397,0,0,0,0
Owasso,36.289640000000006,-95.843956,0,0,0,0
Tulsa Hills,36.055236,-96.00188299999999,0,0,0,0
Tyler,32.273429,-95.309053,0,0,0,0
Alexandria,31.280317999999998,-92.458821,0,0,0,0
Sherman,33.680506,-96.612217,0,0,0,0
Osage Beach,38.161805,-92.604264,0,0,0,0
Midwest City,35.437104,-97.39663399999999,0,0,0,0
Edmond,35.650501,-97.463539,0,0,0,0
Norman,35.236043,-97.482709,0,0,0,0
Moore,35.318058,-97.50025,0,0,0,0
Quail Springs,35.612882,-97.547433,0,0,0,0
Oklahoma City North,35.524408,-97.564417,0,0,0,0
Oklahoma City NW,35.556031,-97.640095,0,0,0,0
Yukon,35.481206,-97.76344499999999,0,0,0,0
McKinney,33.220095,-96.638182,0,0,0,0
Allen North,33.123517,-96.662084,0,0,0,0
Allen,33.099539,-96.681289,0,0,0,0
McKinney SW,33.129073999999996,-96.731176,0,0,0,0
Wylie,33.009178999999996,-96.59349499999999,0,0,0,0
Frisco North,33.173605,-96.84490699999999,0,0,0,0
Derby,37.568922,-97.24169300000001,0,0,3,3
Rockwall,32.894096999999995,-96.467985,0,0,0,0
Plano,33.037403999999995,-96.70825,0,0,0,0
Frisco,33.104797,-96.811982,0,0,0,0
Garland East,32.965271,-96.646699,0,0,0,0
Rowlett,32.908541,-96.55808499999999,0,0,0,0
Wichita NE,37.724216,-97.211489,0,0,3,3
Plano West,33.030336,-96.826952,0,0,0,0
Richardson Sq Mall,32.940404,-96.697299,0,0,0,0
North Dallas Coit Road,32.983052,-96.76957900000001,0,0,0,0
Lewisville,33.064037,-96.885036,0,0,0,0
Denton,33.189952000000005,-97.098768,0,0,0,0
Belton,38.815771999999996,-94.516304,0,0,3,3
Mesquite,32.813461,-96.621577,0,0,0,0
North Dallas,32.92778,-96.813082,0,0,0,0
Addison,32.950951,-96.853854,0,0,0,0
Dallas NE,32.86569,-96.745008,0,0,0,0
Vista Ridge,33.011846000000006,-96.971203,0,0,0,0
Wichita Far West,37.678222999999996,-97.431146,0,0,3,3
Medallion,32.856408,-96.752703,0,0,0,0
Overland Park South,38.853669000000004,-94.68199399999999,0,0,3,3
Olathe South,38.848948,-94.819941,0,0,3,3
Flower Mound,33.067892,-97.083271,0,0,0,0
Stateline,38.880085,-94.60723,0,0,3,3
Love Field,32.862745000000004,-96.854439,0,0,0,0
Wichita NW,37.732946999999996,-97.46481800000001,0,0,3,3
Overland Park,38.908198999999996,-94.67465899999999,0,0,3,3
Cityplace Market,32.804355,-96.79138,0,0,0,0
Lees Summit,38.931153,-94.40894,0,0,3,3
Olathe,38.910686,-94.76440799999999,0,0,3,3
Irving North,32.913092,-96.961901,0,0,0,0
Overland Park West,38.950386,-94.718861,0,0,3,3
Jefferson City,38.579381,-92.21424,0,0,0,0
Ward Parkway,38.972471999999996,-94.607118,0,0,3,3
Grapevine,32.930631,-97.08958299999999,0,0,0,0
Irving,32.839199,-96.99095200000001,0,0,0,0
Lawrence,38.925538,-95.263513,0,0,3,3
Blue Springs,39.023798,-94.248863,0,0,3,3
Mission,39.01778,-94.66533100000001,0,0,3,3
Shawnee,39.010220000000004,-94.768077,0,0,3,3
Euless,32.88088,-97.104442,0,0,0,0
Independence,39.050723,-94.369265,0,0,3,3
North Richland Hills,32.908184999999996,-97.187652,0,0,0,0
Dallas South,32.649885999999995,-96.86301800000001,0,0,0,0
Lawton,34.629286,-98.494914,0,0,0,0
Columbia,38.964359,-92.376963,0,0,0,0
Washington,38.536581,-90.982956,0,0,0,0
Kansas City Chouteau,39.173898,-94.533073,0,0,3,3
KC Speedway,39.127235,-94.831829,0,0,3,3
Liberty,39.247376,-94.463373,0,0,3,3
Kansas City North,39.249007,-94.595171,0,0,3,3
Kansas City NW,39.257692,-94.65464300000001,0,0,3,3
Arnold,38.412647,-90.396168,0,0,0,0
Fenton,38.502843,-90.44695300000001,0,0,0,0
Wentzville,38.81917,-90.88035500000001,0,0,0,0
Ballwin,38.594512,-90.547463,0,0,0,0
Dardenne Prairie,38.768412,-90.768416,0,0,0,0
Chesterfield,38.666762,-90.58587,0,0,0,0
Town And Country,38.620739,-90.51736899999999,0,0,0,0
O'Fallon,38.777547999999996,-90.69666600000001,0,0,0,0
South County,38.50674,-90.33912600000001,0,0,0,0
St Peters,38.739289,-90.636292,0,0,0,0
Kirkwood,38.564709,-90.404735,0,0,0,0
St Charles,38.787647,-90.56283499999999,0,0,0,0
Brentwood,38.627584000000006,-90.342867,0,0,0,0
Hampton Village,38.592356,-90.295172,0,0,0,0
Topeka,39.028217,-95.759668,0,0,3,3
Bridgeton,38.754065999999995,-90.426423,0,0,0,0
Belleville,38.526185999999996,-90.032675,0,0,0,0
Florissant,38.805361,-90.310749,0,0,0,0
Fairview Heights,38.572074,-89.986828,0,0,0,0
Shiloh,38.572678,-89.92398100000001,0,0,0,0
Lufkin,31.313434,-94.72007099999999,0,0,0,0
Cedar Hill,32.603229,-96.93669399999999,0,0,0,0
Waxahachie,32.422123,-96.837576,0,0,0,0
Grand Prairie,32.677827,-97.009642,0,0,0,0
Grand Prairie S,32.642824,-97.060569,0,0,0,0
Hurst,32.836665999999994,-97.183981,0,0,0,0
Eastchase,32.758276,-97.170162,0,0,0,0
Arlington South,32.684103,-97.135958,0,0,0,0
Watauga,32.889784000000006,-97.25690999999999,0,0,0,0
Mansfield,32.589965,-97.144408,0,0,0,0
Fort Worth,32.902120000000004,-97.32478,0,0,0,0
Fort Worth Central,32.755476,-97.354078,0,0,0,0
Lake Worth,32.814128000000004,-97.429322,0,0,0,0
Ridgmar,32.74899,-97.432039,0,0,0,0
Cityview,32.678625,-97.412599,0,0,0,0
Burleson,32.523503999999996,-97.349245,0,0,0,0
Weatherford,32.727421,-97.78406,0,0,0,0
Huntsville,30.70689,-95.566244,0,0,0,0
Waco,31.534892,-97.192432,0,0,0,0
Bryan,30.664818,-96.32209,0,0,0,0
Conroe,30.314314000000003,-95.473853,0,0,0,0
Beaumont,30.126002000000003,-94.15271,0,0,0,0
Lake Charles,30.199842999999998,-93.245921,0,0,0,0
College Station,30.610754999999997,-96.315122,0,0,0,0
Edwardsville,38.78342,-89.949043,0,0,0,0
Alton,38.921281,-90.169937,0,0,0,0
Wichita Falls,33.864791,-98.533874,0,0,0,0
Port Arthur,29.945702,-93.98899499999999,0,0,0,0
Westwood Village,30.216879,-95.565289,0,0,0,0
Woodlands,30.169394,-95.45353,0,0,0,0
Atascocita,30.000453000000004,-95.172219,0,0,0,0
Humble,30.019506,-95.268162,0,0,0,0
Spring,30.087471999999998,-95.52035,0,0,0,0
Houston North Central,30.050394,-95.43431899999999,0,0,0,0
Houston Tomball North,30.091615,-95.639736,0,0,0,0
St Joseph,39.815468,-94.812352,0,0,3,3
Manhattan,39.171758000000004,-96.605345,0,0,3,3
Tucson NW,32.336156,-111.048391,0,2,4,4
Tucson SW,32.160961,-110.989723,0,2,4,4
Tucson North,32.279864,-110.97671299999999,0,2,4,4
Oro Valley,32.399158,-110.959446,0,2,4,4
Tucson El Con Mall,32.22347,-110.91458899999999,0,2,4,4
Tucson Broadway,32.222957,-110.880256,0,2,4,4
Tucson NE,32.249311,-110.85341100000001,0,2,4,4
Tucson SE,32.207417,-110.786774,0,2,4,4
Chandler South,33.25002,-111.83833100000001,0,2,4,4
Gilbert SW,33.27841,-111.786353,0,2,4,4
Chandler West Santan,33.296076,-111.89996299999999,0,2,4,4
Queen Creek,33.254419,-111.641632,0,2,4,4
Ahwatukee,33.321379,-111.98154199999999,0,2,4,4
Gilbert,33.334243,-111.75736599999999,0,2,4,4
Gilbert SE,33.322949,-111.689675,0,2,4,4
South Mountain,33.379333,-112.03501000000001,0,2,4,4
Tempe,33.379204,-111.90746499999999,0,2,4,4
Mesa West,33.392154999999995,-111.864869,0,2,4,4
Mesa Central,33.394166,-111.785987,0,2,4,4
Mesa East,33.388909000000005,-111.683474,0,2,4,4
Phoenix SW,33.423059,-112.26938100000001,0,2,4,4
Tempe NE,33.430440999999995,-111.905248,0,2,4,4
Goodyear West,33.437407,-112.421869,0,2,4,4
Arcadia Crossing,33.477388,-111.984509,0,2,4,4
Westridge,33.475425,-112.218617,0,2,4,4
Goodyear,33.462942,-112.35569199999999,0,2,4,4
Mesa Red Mountain,33.453955,-111.682275,0,2,4,4
Phoenix Uptown Camelback,33.507521999999994,-112.046462,0,2,4,4
Phoenix Spectrum,33.520769,-112.09679799999999,0,2,4,4
Scottsdale,33.540209999999995,-111.887628,0,2,4,4
Peoria SW,33.554179,-112.25978700000002,0,2,4,4
Glendale,33.580184,-112.152971,0,2,4,4
Paradise Valley,33.600407000000004,-111.98923899999998,0,2,4,4
Fountain Hills,33.573929,-111.718355,0,2,4,4
North Scottsdale,33.627292,-111.88829299999999,0,2,4,4
Deer Valley,33.638653999999995,-112.068832,0,2,4,4
Peoria North,33.636207,-112.22854,0,2,4,4
Surprise,33.637254,-112.3532,0,2,4,4
Phoenix North Central,33.666761,-112.119577,0,2,4,4
Phoenix NE,33.674884000000006,-111.974585,0,2,4,4
Peoria Far North,33.709472999999996,-112.27532,0,2,4,4
Sierra Vista,31.555778000000004,-110.25576399999999,0,2,4,4
Far North Scottsdale,33.779027,-111.923014,0,2,4,4
Yuma,32.704743,-114.60538000000001,0,3,5,5
Prescott,34.549609999999994,-112.431774,0,2,4,4
El Centro,32.813328000000006,-115.56764199999999,0,3,5,5
Flagstaff,35.183837,-111.66001000000001,0,2,4,4
Albuquerque NW,35.186039,-106.66426200000001,0,4,6,6
Albuquerque Uptown,35.101583000000005,-106.56808799999999,0,4,6,6
Albuquerque Lomas,35.085529,-106.527855,0,4,6,6
Rio Rancho,35.252425,-106.65138999999999,0,4,6,6
Albuquerque NE,35.172748,-106.58153999999999,0,4,6,6
Albuquerque Wyoming,35.130034,-106.547596,0,4,6,6
Las Cruces,32.317434999999996,-106.74420500000001,0,5,7,7
El Paso West,31.818440000000002,-106.548296,0,5,7,7
Farmington,36.768639,-108.148215,0,7,9,9
El Paso Central,31.783152,-106.414718,0,5,7,7
Santa Fe,35.639352,-106.012863,0,4,6,6
El Paso East,31.769818,-106.30514099999999,0,5,7,7
El Paso Far East,31.759186,-106.26531200000001,0,5,7,7
Bullhead City,35.051939000000004,-114.592099,0,6,8,8
Henderson South,36.038477,-114.994098,0,6,8,8
Henderson,36.065059000000005,-115.047712,0,6,8,8
Henderson SW,36.003399,-115.085183,0,6,8,8
Las Vegas Silverado Ranch,36.012118,-115.121798,0,6,8,8
Las Vegas East,36.15806,-115.06096200000002,0,6,8,8
Las Vegas Flamingo,36.116541,-115.13886000000001,0,6,8,8
Las Vegas Blue Diamond,36.04072,-115.194644,0,6,8,8
N Las Vegas Deer SP,36.288669,-115.133095,0,6,8,8
West Las Vegas,36.124402,-115.241548,0,6,8,8
St George,37.102987,-113.554468,0,6,-1,-1
Las Vegas N Decatur,36.272988,-115.20948200000001,0,6,8,8
Las Vegas NW,36.219536,-115.24983,0,6,8,8
Las Vegas Boca Park,36.161086,-115.28713400000001,0,6,8,8
Las Vegas Far SW,36.114471,-115.311127,0,6,8,8
Las Vegas Far NW,36.280438000000004,-115.263741,0,6,8,8
La Quinta,33.708582,-116.289698,0,3,5,5
Palm Desert,33.724327,-116.40342700000001,0,3,5,5
Palm Springs,33.789552,-116.48145600000001,0,3,5,5
Apple Valley North,34.527471999999996,-117.217228,0,3,5,5
Apple Valley,34.469177,-117.243953,0,3,5,5
Hesperia,34.425036,-117.383994,0,3,5,5
San Bernardino,34.138128,-117.24501000000001,0,3,5,5
Redlands,34.071915999999995,-117.206907,0,3,5,5
Hemet,33.745886,-117.008866,0,3,5,5
Moreno Valley East,33.937658,-117.189116,0,3,5,5
Orange Show,34.078716,-117.291844,0,3,5,5
Riverside SE,33.938916,-117.28173999999999,0,3,5,5
Fontana North,34.152152,-117.472963,0,3,5,5
Menifee,33.680105,-117.17283700000002,0,3,5,5
Fontana,34.064981,-117.434569,0,3,5,5
Riverside Arlington,33.947388000000004,-117.382433,0,3,5,5
Murrieta North,33.603888,-117.17359599999999,0,3,5,5
Grand Junction,39.09287,-108.601179,0,7,9,9
Montrose,38.443756,-107.86855,0,7,9,9
Orem State Street,40.2959,-111.69923899999999,0,8,10,10
American Fork,40.378504,-111.815253,0,8,10,10
Rancho California,33.506295,-117.14635200000001,0,3,5,5
Murrieta,33.565642,-117.20390800000001,0,3,5,5
Riverside,33.906912,-117.459627,0,3,5,5
Rancho Cucamonga,34.108228999999994,-117.573899,0,3,5,5
Ontario,34.0758,-117.561778,0,3,5,5
Lake Elsinore,33.689146,-117.341996,0,3,5,5
Eastvale,33.977914,-117.55381799999999,0,3,5,5
Upland,34.133189,-117.641221,0,3,5,5
Corona,33.826266,-117.51661399999999,0,3,5,5
Norco,33.900756,-117.564353,0,3,5,5
Montclair,34.089834,-117.69054399999999,0,3,5,5
Chino,34.032494,-117.682043,0,3,5,5
Laverne,34.11006,-117.75988600000001,0,3,5,5
Chino Hills,34.001494,-117.71824299999999,0,3,5,5
Pomona,34.034637,-117.75654399999999,0,3,5,5
Escondido,33.113107,-117.099632,0,3,5,5
Escondido South,33.069927,-117.06529099999999,0,3,5,5
San Dimas,34.104422,-117.823254,0,3,5,5
Vista,33.169156,-117.21436299999999,0,3,5,5
Rancho Santa Margarita,33.641838,-117.597587,0,3,5,5
Oceanside East,33.247039,-117.293228,0,3,5,5
Anaheim Hills,33.865805,-117.74764499999999,0,3,5,5
Diamond Bar,34.005008000000004,-117.821076,0,3,5,5
Poway,32.980582,-117.06086599999999,0,3,5,5
Palmdale East,34.574355,-118.047839,0,3,5,5
Vista South,33.13671,-117.228517,0,3,5,5
Foothill Ranch,33.676953999999995,-117.664298,0,3,5,5
Azusa,34.135589,-117.907781,0,3,5,5
San Diego Del Sur,33.020167,-117.12563300000001,0,3,5,5
West Covina,34.07412,-117.88469599999999,0,3,5,5
Oceanside,33.184026,-117.329697,0,3,5,5
Santee,32.841939,-116.98301299999999,0,3,5,5
Mission Viejo N,33.623323,-117.681618,0,3,5,5
West Covina South,34.033547,-117.91214599999999,0,3,5,5
El Cajon,32.809271,-116.958998,0,3,5,5
Mission Viejo,33.606277,-117.68881200000001,0,3,5,5
Lancaster,34.673656,-118.149399,0,3,5,5
Duarte,34.138102,-117.982918,0,3,5,5
Puente Hills,33.991768,-117.91905200000001,0,3,5,5
Orange,33.824384,-117.834997,0,3,5,5
Brea,33.918693,-117.886971,0,3,5,5
Encinitas,33.06304,-117.264711,0,3,5,5
San Clemente,33.463108,-117.60673899999999,0,3,5,5
Irvine North,33.727436,-117.78491499999998,0,3,5,5
Fullerton,33.887729,-117.877297,0,3,5,5
Palmdale,34.599359,-118.14673400000001,0,3,5,5
Irvine Spectrum,33.64795,-117.740077,0,3,5,5
East Orange,33.787208,-117.825177,0,3,5,5
Baldwin Park,34.06949,-117.977457,0,3,5,5
Aliso Viejo,33.570957,-117.70531299999999,0,3,5,5
Rancho San Diego,32.738795,-116.93853,0,3,5,5
Mira Mesa,32.910813,-117.14631299999999,0,3,5,5
Grossmont,32.779717,-117.012303,0,3,5,5
Santa Ana,33.759257,-117.85070400000001,0,3,5,5
Irvine,33.685581,-117.812576,0,3,5,5
Tustin,33.69995,-117.828042,0,3,5,5
La Habra,33.916115000000005,-117.956657,0,3,5,5
Fullerton South,33.858511,-117.927687,0,3,5,5
Santa Ana NW,33.761461,-117.88748500000001,0,3,5,5
West Fullerton,33.87942,-117.961619,0,3,5,5
Pasadena East,34.147096999999995,-118.085751,0,3,5,5
Garden Grove Harbor,33.787031,-117.913614,0,3,5,5
Whittier,33.943006,-117.996039,0,3,5,5
Anaheim,33.831711999999996,-117.942535,0,3,5,5
Irvine University Town Center,33.649956,-117.83833700000001,0,3,5,5
Rosemead,34.074952,-118.07006799999999,0,3,5,5
Lemon Grove,32.74126,-117.055525,0,3,5,5
Santa Ana,33.702754999999996,-117.886981,0,3,5,5
Kearny Mesa,32.816365000000005,-117.151026,0,3,5,5
Chula Vista East,32.649071,-116.96910700000001,0,3,5,5
Balboa,32.822049,-117.17929299999999,0,3,5,5
Buena Park,33.857675,-118.001071,0,3,5,5
Pasadena,34.146769,-118.13473799999998,0,3,5,5
Santa Fe Springs,33.937929,-118.047758,0,3,5,5
Brookhurst,33.761503000000005,-117.95591499999999,0,3,5,5
Costa Mesa,33.682425,-117.917837,0,3,5,5
Pico Rivera,34.001125,-118.085999,0,3,5,5
San Diego Mission Valley,32.767561,-117.15090500000001,0,3,5,5
Alhambra,34.090945,-118.14749599999999,0,3,5,5
Cypress,33.803731,-118.012902,0,3,5,5
San Diego South Park,32.726859999999995,-117.12903999999999,0,3,5,5
Norwalk East,33.917962,-118.07613,0,3,5,5
Westminster,33.725383,-117.98629,0,3,5,5
Huntington Beach East,33.671499,-117.955653,0,3,5,5
Natl Cty Pl Bonita,32.6545,-117.06488999999999,0,3,5,5
Cerritos,33.847157,-118.062572,0,3,5,5
Westminster NW,33.745618,-118.012257,0,3,5,5
Norwalk,33.925134,-118.107045,0,3,5,5
Commerce,34.018203,-118.1508,0,3,5,5
Sports Arena,32.751897,-117.210247,0,3,5,5
Cerritos West,33.859295,-118.08793999999999,0,3,5,5
Los Angeles Eagle Rock,34.141668,-118.22433600000001,0,3,5,5
LA Glassell Park,34.122935999999996,-118.22514199999999,0,3,5,5
Seal Beach,33.782654,-118.069999,0,3,5,5
Chula Vista Broadway,32.60458,-117.080426,0,3,5,5
South Gate,33.948376,-118.16748999999999,0,3,5,5
Glendale,34.143081,-118.25908799999999,0,3,5,5
Long Beach Bixby,33.7744,-118.11967,0,3,5,5
Long Beach Bellflower,33.798438,-118.123236,0,3,5,5
Lakewood Center Mall,33.853038,-118.13981899999999,0,3,5,5
Signal Hill,33.816819,-118.182166,0,3,5,5
Long Beach NW,33.877571,-118.166633,0,3,5,5
Compton-Rancho Dom,33.879653000000005,-118.218942,0,3,5,5
San Pedro,33.760087,-118.293472,0,3,5,5
Carson North,33.843169,-118.26061899999999,0,3,5,5
Carson,33.809239,-118.28565400000001,0,3,5,5
Gardena,33.886675,-118.316079,0,3,5,5
Torrance,33.826449,-118.34598600000001,0,3,5,5
Hawthorne,33.922567,-118.321126,0,3,5,5
LA Central,34.048833,-118.261007,0,3,5,5
Redondo Beach,33.869308000000004,-118.357051,0,3,5,5
Los Angeles USC Village,34.024306,-118.285114,0,3,5,5
Inglewood,33.948025,-118.332844,0,3,5,5
Los Angeles Koreatown,34.06264,-118.28613100000001,0,3,5,5
Manhattan Beach,33.88892,-118.394828,0,3,5,5
Los Angeles,34.022698,-118.373287,0,3,5,5
Culver City South,33.9853,-118.394695,0,3,5,5
West Hollywood,34.090343,-118.34463799999999,0,3,5,5
Culver City,33.999134999999995,-118.394038,0,3,5,5
LA Beverly,34.0743,-118.3755,0,3,5,5
Burbank,34.18962,-118.330331,0,3,5,5
LA Burbank West,34.16904,-118.34800200000001,0,3,5,5
North Hollywood,34.188159999999996,-118.371645,0,3,5,5
LA Westwood,34.063027000000005,-118.444199,0,3,5,5
Pacoima,34.245734999999996,-118.419269,0,3,5,5
Van Nuys,34.175234,-118.46651499999999,0,3,5,5
Van Nuys North,34.212687,-118.46021999999999,0,3,5,5
Mission Hills CA,34.257728,-118.46666,0,3,5,5
Sherwood Forest,34.234794,-118.503001,0,3,5,5
Lodi,38.117156,-121.30378600000002,0,3,5,5
Stockton North,38.05213,-121.372721,0,3,5,5
Stockton,37.991634000000005,-121.314598,0,3,5,5
Elk Grove,38.426289000000004,-121.415097,0,3,5,5
Sacramento SW,38.458625,-121.41386000000001,0,3,5,5
Sacramento East,38.549206,-121.426579,0,3,5,5
Rancho Cordova,38.596053000000005,-121.28568,0,3,5,5
Sacramento Riverside,38.562221,-121.49751,0,3,5,5
West Sacramento,38.549896000000004,-121.536702,0,3,5,5
Sacramento Arden,38.600567,-121.403401,0,3,5,5
Lathrop,37.808538,-121.299057,0,3,5,5
Manteca,37.795029,-121.19728300000001,0,3,5,5
Antioch Slatten Ranch,37.963999,-121.73768600000001,0,3,5,5
Sacramento Madison,38.661609999999996,-121.349226,0,3,5,5
Birdcage-Citrus Heights,38.673209,-121.27408799999999,0,3,5,5
Sacramento Natomas,38.640887,-121.49932700000001,0,3,5,5
El Dorado Hills,38.650214,-121.06288,0,3,5,5
Folsom,38.671608,-121.15328400000001,0,3,5,5
Davis,38.554434,-121.69928999999999,0,3,5,5
Tracy,37.75779,-121.458451,0,3,5,5
Pittsburg,38.007704,-121.840624,0,3,5,5
Roseville,38.745763000000004,-121.25460600000001,0,3,5,5
Modesto NW,37.69382,-121.063121,0,3,5,5
Vacaville,38.361305,-121.961849,0,3,5,5
Riverbank,37.713358,-120.953282,0,3,5,5
Roseville North,38.791131,-121.28956699999999,0,3,5,5
Modesto,37.687154,-120.99558300000001,0,3,5,5
Woodland,38.672209,-121.72531299999999,0,3,5,5
Rocklin,38.804951,-121.208694,0,3,5,5
Fairfield,38.246702,-122.06821200000002,0,3,5,5
Livermore,37.700855,-121.746435,0,3,5,5
Lincoln,38.870468,-121.30378,0,3,5,5
Pleasant Hill,37.977361,-122.06675600000001,0,3,5,5
Dublin East,37.703228,-121.853195,0,3,5,5
Walnut Creek,37.905131,-122.064277,0,3,5,5
San Ramon,37.761771,-121.964153,0,3,5,5
Dublin,37.706588,-121.931028,0,3,5,5
Auburn,38.943459000000004,-121.095909,0,3,5,5
Vallejo,38.132407,-122.222603,0,3,5,5
Turlock,37.520868,-120.879081,0,3,5,5
Napa,38.282734000000005,-122.277002,0,3,5,5
Napa North,38.322461,-122.307627,0,3,5,5
Pinole,37.9876,-122.30984699999999,0,3,5,5
San Leandro Bayfair,37.699791999999995,-122.12682,0,3,5,5
Berkeley Central,37.86955,-122.26773,0,3,5,5
Hayward North,37.666284999999995,-122.120084,0,3,5,5
Berkeley Univ Ave,37.869960999999996,-122.283755,0,3,5,5
Hayward,37.607973,-122.063005,0,3,5,5
Fremont Hub,37.545146,-121.984401,0,3,5,5
Richmond,37.931996000000005,-122.328207,0,3,5,5
Albany,37.883199,-122.30714099999999,0,3,5,5
Oakland-Emeryville,37.828334000000005,-122.28912700000001,0,3,5,5
Fremont South,37.502219000000004,-121.96803700000001,0,3,5,5
Alameda,37.788701,-122.28026200000001,0,3,5,5
San Jose Landess,37.414028,-121.87638700000001,0,3,5,5
San Jose Capitol,37.373857,-121.84458799999999,0,3,5,5
San Jose North,37.418112,-121.955506,0,3,5,5
Yuba City,39.146583,-121.632829,0,3,5,5
San Francisco CBD East,37.79107,-122.40086000000001,0,3,5,5
San Jose Story Road,37.340099,-121.84093100000001,0,3,5,5
San Francisco Central,37.784642,-122.404002,0,3,5,5
San Rafael,37.955143,-122.49058500000001,0,3,5,5
San Jose East,37.30786,-121.813015,0,3,5,5
San Jose College Park,37.339164000000004,-121.90501599999999,0,3,5,5
Novato,38.089748,-122.55313899999999,0,3,5,5
East Palo Alto CA,37.460057,-122.135466,0,3,5,5
San Francisco West,37.781863,-122.44705,0,3,5,5
Atwater,37.341514000000004,-120.61070500000001,0,3,5,5
Santa Clara,37.350297999999995,-121.96087,0,3,5,5
San Jose Central,37.303989,-121.865807,0,3,5,5
Marin City,37.873777000000004,-122.510796,0,3,5,5
San Mateo Fashion Island,37.558918,-122.28378400000001,0,3,5,5
Sunnyvale,37.3738,-122.03306200000002,0,3,5,5
Mountain View,37.401165,-122.106321,0,3,5,5
Redwood City,37.475146,-122.21768300000001,0,3,5,5
San Jose South,37.250409999999995,-121.803374,0,3,5,5
San Francisco South,37.725161,-122.46131899999999,0,3,5,5
Petaluma,38.244654,-122.626402,0,3,5,5
San Francisco Stonestown,37.726614,-122.47646399999999,0,3,5,5
Cupertino Main Street,37.3235,-122.0113,0,3,5,5
San Jose Oakridge,37.252092,-121.860045,0,3,5,5
Tanforan,37.636877,-122.41642399999999,0,3,5,5
Cupertino,37.323944,-122.036425,0,3,5,5
San Jose West,37.264626,-121.918805,0,3,5,5
Colma,37.673739000000005,-122.46493600000001,0,3,5,5
San Jose Westgate,37.290985,-121.989769,0,3,5,5
Daly City Serramonte,37.670553000000005,-122.470173,0,3,5,5
Merced,37.322488,-120.48550900000001,0,3,5,5
Morgan Hill,37.157592,-121.65376699999999,0,3,5,5
Rohnert Park,38.346792,-122.71983600000002,0,3,5,5
Santa Rosa South,38.417041999999995,-122.70958200000001,0,3,5,5
Santa Rosa North,38.456614,-122.730368,0,3,5,5
Los Banos,37.054697,-120.873296,0,3,5,5
Gilroy,37.000326,-121.55411299999999,0,3,5,5
Capitola,36.974784,-121.96876100000001,0,3,5,5
Watsonville,36.915541999999995,-121.774363,0,3,5,5
Hollister,36.835405,-121.390048,0,3,5,5
Carson City,39.099928000000006,-119.77754099999999,0,3,5,5
Salinas,36.714857,-121.65299399999999,0,3,5,5
Chico,39.725986,-121.80318999999999,0,3,5,5
Marina,36.667156,-121.810383,0,3,5,5
Sand City,36.621078999999995,-121.84382099999999,0,3,5,5
Reno South,39.463531,-119.78096399999998,0,3,5,5
Fresno NW,36.83473,-119.912566,0,3,5,5
Sparks South,39.535435,-119.71689199999999,0,3,5,5
Fresno West,36.809433,-119.847324,0,3,5,5
Fresno North,36.847075,-119.786993,0,3,5,5
Fresno Central,36.821413,-119.788498,0,3,5,5
Clovis NW,36.839828000000004,-119.72771100000001,0,3,5,5
Fresno South,36.780352,-119.771179,0,3,5,5
Clovis,36.807026,-119.69856200000001,0,3,5,5
Hanford,36.324119,-119.675808,0,3,5,5
Visalia North,36.358715999999994,-119.29525600000001,0,3,5,5
Visalia,36.292517,-119.316571,0,3,5,5
Redding,40.586816999999996,-122.34872,0,3,5,5
Tulare,36.224534000000006,-119.31457900000001,0,3,5,5
Paso Robles,35.584198,-120.698424,0,3,5,5
Porterville,36.078663,-119.046714,0,3,5,5
San Luis Obispo,35.252332,-120.685356,0,3,5,5
Bakersfield NW,35.385275,-119.10281499999999,0,3,5,5
Bakersfield West,35.349978,-119.124641,0,3,5,5
Santa Maria,34.922576,-120.434178,0,3,5,5
Bakersfield NE,35.393662,-118.955545,0,3,5,5
Bakersfield Central,35.336984,-119.036604,0,3,5,5
Eureka,40.805908,-124.14475700000001,0,3,-1,-1
Medford,42.347395,-122.878198,0,9,-1,-1
Bend,44.103817,-121.30051599999999,0,9,-1,-1
Springfield,44.071789,-123.04533500000001,0,9,11,11
Eugene,44.049357,-123.17078500000001,0,9,11,11
Granada Hills,34.273338,-118.50293899999998,0,3,5,5
Woodland Hills,34.167086,-118.585573,0,3,5,5
Northridge,34.230802000000004,-118.56080800000001,0,3,5,5
Santa Clarita East,34.394179,-118.464932,0,3,5,5
Los Angeles Topanga,34.191643,-118.602899,0,3,5,5
West Hills,34.190907,-118.62644399999999,0,3,5,5
Valencia,34.42068,-118.561229,0,3,5,5
Westlake Village,34.148119,-118.793939,0,3,5,5
Simi Valley,34.280264,-118.73924199999999,0,3,5,5
Simi Valley West,34.273194000000004,-118.797049,0,3,5,5
Moorpark,34.278757,-118.867755,0,3,5,5
Thousand Oaks,34.191352,-118.934642,0,3,5,5
Camarillo,34.217239,-119.07312900000001,0,3,5,5
Oxnard West,34.242389,-119.17801200000001,0,3,5,5
Ventura,34.261914000000004,-119.237025,0,3,5,5
Ventura West,34.270494,-119.249133,0,3,5,5
Salina,38.784452,-97.609537,0,0,3,3
Kearney,40.722419,-99.08564,0,-1,-1,-1
Garden City,37.979676,-100.843476,0,-1,-1,-1
Lincoln SW,40.728421000000004,-96.66528000000001,0,0,3,3
Lincoln South,40.759505,-96.64129399999999,0,0,3,3
Lincoln,40.816086999999996,-96.654904,0,0,3,3
Omaha West,41.235966999999995,-96.193936,0,0,3,3
Omaha Far SW,41.214296999999995,-96.10869100000001,0,0,3,3
Omaha Far NW,41.289685,-96.179389,0,0,3,3
Papillion,41.165532,-96.04468299999999,0,0,3,3
Norfolk,42.020272999999996,-97.430513,0,0,3,3
Bellevue,41.142081,-95.970308,0,0,3,3
Omaha NW,41.294429,-96.116794,0,0,3,3
Omaha,41.260872,-96.025386,0,0,3,3
Omaha North,41.318745,-96.02691300000001,0,0,3,3
Council Bluffs,41.220723,-95.838976,0,0,3,3
Sioux City,42.448827,-96.333291,0,0,3,3
Albany,44.630034,-123.078597,0,9,11,11
Salem,44.938881,-122.986751,0,9,11,11
Keizer,45.012260999999995,-122.99505400000001,0,9,11,11
Pueblo,38.303164,-104.606076,0,7,9,9
S Colorado Springs,38.792999,-104.801542,0,7,9,9
Colorado Springs East,38.888207,-104.717715,0,7,9,9
Colorado Springs North,38.905204,-104.78007,0,7,9,9
Colorado Springs NE,38.973382,-104.745874,0,7,9,9
Castle Rock,39.408366,-104.856589,0,7,9,9
Parker,39.513087,-104.77179100000001,0,7,9,9
Lone Tree,39.53487,-104.88365300000001,0,7,9,9
Highlands Ranch,39.549552,-105.00510700000001,0,7,9,9
Douglas County,39.565063,-104.965672,0,7,9,9
Aurora Saddle Rock,39.581773,-104.72186500000001,0,7,9,9
Arapahoe,39.593371000000005,-104.88155,0,7,9,9
Aurora South,39.592002,-104.804946,0,7,9,9
Denver SW,39.610423,-105.101073,0,7,9,9
Aurora SE,39.636674,-104.789979,0,7,9,9
Sheridan,39.649625,-105.005927,0,7,9,9
Denver SE,39.655327,-104.900255,0,7,9,9
Aurora West,39.691569,-104.86363600000001,0,7,9,9
Glendale,39.708203999999995,-104.93770500000001,0,7,9,9
Lakewood,39.708369,-105.07951100000001,0,7,9,9
Aurora,39.715365999999996,-104.821198,0,7,9,9
Denver West,39.733793,-105.157724,0,7,9,9
Edgewater,39.746722,-105.05544599999999,0,7,9,9
Denver Stapleton,39.783916,-104.894929,0,7,9,9
Arvada South,39.788605,-105.112381,0,7,9,9
Silverthorne,39.637251,-106.07767,0,7,9,9
Arvada,39.840209,-105.08502800000001,0,7,9,9
Westminster,39.886453,-105.078379,0,7,9,9
Thornton,39.916352,-104.9751,0,7,9,9
Westminster NE,39.958717,-104.99511799999999,0,7,9,9
Brighton,39.956315999999994,-104.7798,0,7,9,9
Superior,39.956520000000005,-105.17361100000001,0,7,9,9
Boulder,40.021887,-105.256717,0,7,9,9
Longmont,40.15302,-105.13353300000001,0,7,9,9
Glenwood Springs,39.555855,-107.343783,0,7,9,9
Greeley,40.393874,-104.750551,0,7,9,9
Loveland,40.409288000000004,-105.004497,0,7,9,9
Fort Collins East,40.527099,-105.02242,0,7,9,9
Fort Collins,40.527326,-105.07853700000001,0,7,9,9
Amarillo,35.18566,-101.934696,0,0,12,12
Cheyenne,41.161666,-104.799678,0,7,9,9
Scottsbluff,41.870036,-103.643129,0,7,9,9
Rapid City,44.098721000000005,-103.188443,0,-1,-1,-1
Casper,42.847131,-106.26466699999999,0,-1,-1,-1
Lubbock West,33.547794,-101.953281,0,0,12,12
Fort Union,40.622565,-111.85018500000001,0,8,10,10
Sandy South Towne,40.566984000000005,-111.892971,0,8,10,10
South Jordan,40.541569,-111.982748,0,8,10,10
West Jordan,40.628321,-111.940483,0,8,10,10
West Jordan SW,40.610652,-111.98411100000001,0,8,10,10
Salt Lake City,40.744915999999996,-111.901664,0,8,10,10
West Valley City,40.7139,-112.0234,0,8,10,10
Centerville,40.918246999999994,-111.887204,0,8,10,10
Layton,41.08775,-111.98111200000001,0,8,10,10
Riverdale,41.173612,-112.006235,0,8,10,10
Ansonia,41.340446,-73.07894300000001,0,0,0,0
Orange,41.280278,-72.987515,0,0,0,0
Milford,41.235174,-73.038092,0,0,0,0
Trumbull,41.233540000000005,-73.151677,0,0,0,0
North Haven,41.350949,-72.871673,0,0,0,0
Trumbull West,41.228735,-73.225326,0,0,0,0
Waterbury,41.58254,-73.03432099999999,0,0,0,0
Bethel,41.415022,-73.401914,0,0,0,0
Meriden,41.55254,-72.815454,0,0,0,0
Southington,41.611472,-72.90135699999999,0,0,0,0
Newington,41.660571999999995,-72.725673,0,0,0,0
New Britain,41.710626,-72.763862,0,0,0,0
Stamford,41.0554,-73.54142,0,0,0,0
South Setauket,40.88487,-73.09976,0,0,0,0
Torrington,41.818857,-73.075477,0,0,0,0
Mt Kisco,41.216196999999994,-73.722746,0,0,0,0
Riverhead,40.933102000000005,-72.67935899999999,0,0,0,0
Medford,40.824959,-72.98895300000001,0,0,0,0
Commack,40.839133000000004,-73.286362,0,0,0,0
Commack South,40.809484999999995,-73.286807,0,0,0,0
Huntington,40.827801,-73.406064,0,0,0,0
Sayville,40.76651,-73.067159,0,0,0,0
Central Islip,40.772667999999996,-73.202259,0,0,0,0
White Plains,41.032078999999996,-73.766132,0,0,0,0
South Windsor,41.810140000000004,-72.550028,0,0,0,0
Windsor,41.891207,-72.652128,0,0,0,0
Bay Shore,40.726529,-73.277038,0,0,0,0
Farmingdale,40.750961,-73.41940699999999,0,0,0,0
Hicksville,40.771682,-73.532945,0,0,0,0
Port Washington North,40.841203,-73.704459,0,0,0,0
Poughkeepsie,41.626216,-73.919275,0,0,0,0
Levittown,40.724928999999996,-73.49426,0,0,0,0
Waterford,41.377210999999996,-72.150307,0,0,0,0
Copiague,40.688227000000005,-73.406133,0,0,0,0
Clarkstown,41.097436,-73.958985,0,0,0,0
Mt Vernon,40.900966,-73.81784,0,0,0,0
Westbury,40.741547,-73.599909,0,0,0,0
Enfield,41.995833000000005,-72.581525,0,0,0,0
Spring Valley,41.104454,-74.023291,0,0,0,0
Newburgh,41.505295000000004,-74.058212,0,0,0,0
Closter NJ,40.9712,-73.9578,0,0,0,0
Bronx-Throggs Neck,40.824145,-73.837659,0,0,0,0
Freeport,40.6558,-73.5716,0,0,0,0
Bronx Riverdale,40.87353,-73.907803,0,0,0,0
Elmont,40.7087,-73.7038,0,0,0,0
College Point,40.783388,-73.833095,0,0,0,0
Monroe,41.317851,-74.1533,0,0,0,0
Flushing,40.757284999999996,-73.83417,0,0,0,0
Bronx Terminal,40.823409999999996,-73.930513,0,0,0,0
Valley Stream,40.664248,-73.720129,0,0,0,0
Lisbon,41.585192,-71.99693,0,0,0,0
Harlem,40.795561,-73.93119200000001,0,0,0,0
Hackensack,40.898491,-74.038818,0,0,0,0
Forest Hills,40.720896999999994,-73.847121,0,0,0,0
Queens Place,40.735331,-73.874913,0,0,0,0
Paramus,40.915876000000004,-74.061134,0,0,0,0
Edgewater,40.813663,-73.982223,0,0,0,0
Holyoke,42.168221,-72.64223199999999,0,0,0,0
North Bergen Commons,40.801744,-74.021424,0,0,0,0
Manhattan Herald Square,40.750245,-73.98930899999999,0,0,0,0
Gateway,40.652462,-73.870271,0,0,0,0
Kingston,41.968247999999996,-73.985555,0,0,0,0
Tribeca,40.7147,-74.0112,0,0,0,0
Brooklyn Fulton St,40.6906,-73.983,0,0,0,0
Atlantic Terminal,40.684489,-73.97748,0,0,0,0
Jersey City,40.732336,-74.03572,0,0,0,0
Clifton,40.824427,-74.135839,0,0,0,0
Brooklyn Junction,40.631538,-73.946639,0,0,0,0
Middletown,41.452284000000006,-74.369057,0,0,0,0
Brooklyn Bensonhurst,40.61957,-73.989712,0,0,0,0
Riverdale Rt 23 and Falston,40.989761,-74.325836,0,0,0,0
Fairfield,40.889623,-74.27141400000001,0,0,0,0
Killingly,41.839019,-71.883778,0,0,0,0
Hadley,42.357310999999996,-72.547241,0,0,0,0
Parsippany,40.861740000000005,-74.388087,0,0,0,0
Union North,40.715486,-74.28473199999999,0,0,0,0
East Hanover,40.813154,-74.380545,0,0,0,0
Staten Island Cntl,40.574684000000005,-74.16763,0,0,0,0
Union,40.687048,-74.308861,0,0,0,0
Linden,40.619214,-74.24432900000001,0,0,0,0
Lanesborough,42.495264,-73.20611600000001,0,0,0,0
Clark,40.627381,-74.307959,0,0,0,0
Staten Island,40.528857,-74.231899,0,0,0,0
Rockaway,40.906008,-74.55937,0,0,0,0
Middletown,40.411546,-74.13543100000001,0,0,0,0
Watchung,40.641532,-74.42184499999999,0,0,0,0
Menlo Park,40.551456,-74.332697,0,0,0,0
Warwick,41.706577,-71.494179,0,0,0,0
Warwick North,41.722392,-71.47641,0,0,0,0
Smithfield,41.877046,-71.518292,0,0,0,0
Millbury,42.194395,-71.774687,0,0,0,0
South Plainfield,40.548825,-74.426464,0,0,0,0
Ocean Township,40.230928000000006,-74.044485,0,0,0,0
Lincoln,41.937475,-71.47867099999999,0,0,0,0
Worcester,42.292474,-71.775138,0,0,0,0
Bridgewater,40.562362,-74.553134,0,0,0,0
Milltown,40.441323,-74.42582,0,0,0,0
East Greenbush,42.644824,-73.70046500000001,0,0,0,0
Seekonk,41.796058,-71.321145,0,0,0,0
Washington Twp,40.8465,-74.8083,0,0,0,0
Manalapan,40.291358,-74.301701,0,0,0,0
North Brunswick,40.435819,-74.504829,0,0,0,0
Westborough,42.280435,-71.655929,0,0,0,0
North Attleborough,41.940344,-71.35193100000001,0,0,0,0
Milford,42.160827000000005,-71.498868,0,0,0,0
Swansea,41.749066,-71.207427,0,0,0,0
Colonie Northway,42.705805,-73.823925,0,0,0,0
South Brunswick,40.381514,-74.575909,0,0,0,0
Plainville,42.033714,-71.310581,0,0,0,0
Howell Township,40.131875,-74.220036,0,0,0,0
Marlborough,42.359487,-71.607159,0,0,0,0
Latham,42.756495,-73.771077,0,0,0,0
Brick,40.058814,-74.150328,0,0,0,0
East Windsor,40.276872,-74.54094599999999,0,0,0,0
Marlborough East,42.348748,-71.50496700000001,0,0,0,0
Niskayuna,42.775713,-73.890072,0,0,0,0
Leominster,42.527193,-71.71374,0,0,0,0
Framingham,42.305328,-71.398387,0,0,0,0
North Dartmouth,41.63729,-71.003268,0,0,0,0
Toms River,39.987737,-74.175227,0,0,0,0
Taunton,41.877743,-71.068577,0,0,0,0
Princeton,40.306135999999995,-74.677047,0,0,0,0
Easton,42.027136999999996,-71.14378,0,0,0,0
Clifton Park,42.857601,-73.772416,0,0,0,0
Glenville,42.866616,-73.93092299999999,0,0,0,0
Stroudsburg,40.996433,-75.244833,0,0,0,0
Westwood,42.2045,-71.1553,0,0,0,0
Keene,42.928188,-72.301906,0,0,0,0
Greenwich Township,40.673576000000004,-75.134524,0,0,0,0
Stoughton,42.152383,-71.073541,0,0,0,0
Boston Roslindale,42.2882972,-71.1267483,0,0,0,0
Watertown,42.364178,-71.156462,0,0,0,0
Braintree,42.22142,-71.02184399999999,0,0,0,0
Boston Packards Corner,42.350679,-71.11402199999999,0,0,0,0
Abington,42.110519000000004,-70.927683,0,0,0,0
Boston Fenway,42.344172,-71.099961,0,0,0,0
Lower Nazareth,40.712682,-75.28814,0,0,0,0
Cambridge Central Square,42.364561,-71.102575,0,0,0,0
Boston South Bay,42.328872,-71.062845,0,0,0,0
Oxford Valley,40.176502,-74.87843199999999,0,0,0,0
Wareham,41.773672,-70.74556199999999,0,0,0,0
Somerville,42.376695,-71.090028,0,0,0,0
Amsterdam,42.965271,-74.19021500000001,0,0,0,0
Saratoga Springs,43.099396999999996,-73.743829,0,0,0,0
Nashua,42.702771000000006,-71.437791,0,0,0,0
Everett,42.399035,-71.071855,0,0,0,0
Lowell,42.623622,-71.318304,0,0,0,0
Hanover,42.137401000000004,-70.83883,0,0,0,0
Nashua NW,42.79899,-71.53679,0,0,0,0
Burlington,40.036142,-74.822986,0,0,0,0
Woburn,42.518609000000005,-71.13546099999999,0,0,0,0
Stoneham Redstone,42.494932,-71.103401,0,0,0,0
Neshaminy,40.135718,-74.961605,0,0,0,0
Kingston,41.971125,-70.716858,0,0,0,0
Revere,42.39976,-71.000326,0,0,0,0
Stafford Township,39.710389,-74.28475999999999,0,0,0,0
Wilmington,42.589718,-71.15989499999999,0,0,0,0
Saugus,42.481583,-71.02415400000001,0,0,0,0
Hanover Township,40.639111,-75.439607,0,0,0,0
Warrington,40.224163,-75.137097,0,0,0,0
Philadelphia NE,40.101882,-75.01084499999999,0,0,0,0
Dickson City,41.46711,-75.63907900000001,0,0,0,0
Richland Twp,40.459123999999996,-75.372737,0,0,0,0
Delran,40.012534,-74.958721,0,0,0,0
Mount Laurel,39.968399,-74.914433,0,0,0,0
Abington Township,40.124819,-75.11615400000001,0,0,0,0
Salem Highland Ave,42.503468,-70.919421,0,0,0,0
Salem Broadway,42.764475,-71.215039,0,0,0,0
Phila-Cottman,40.051333,-75.058631,0,0,0,0
Montgomeryville,40.224426,-75.239573,0,0,0,0
Bedford,42.941002000000005,-71.473513,0,0,0,0
Methuen,42.740784000000005,-71.161323,0,0,0,0
Allentown,40.612714000000004,-75.535035,0,0,0,0
Danvers,42.552616,-70.937616,0,0,0,0
Cheltenham,40.076229,-75.155305,0,0,0,0
Lower Macungie Twp,40.566187,-75.560862,0,0,0,0
Queensbury,43.327892999999996,-73.67854100000001,0,0,0,0
Marlton,39.866973,-74.922641,0,0,0,0
Phila-Bridesburg,39.991215000000004,-75.089745,0,0,0,0
Cherry Hill,39.934744,-75.024516,0,0,0,0
Haverhill,42.788072,-71.115959,0,0,0,0
Voorhees,39.851042,-74.983926,0,0,0,0
Hooksett,43.045615000000005,-71.461202,0,0,0,0
Wilkes-Barre,41.237784000000005,-75.84460200000001,0,0,0,0
Phila Roxborough,40.044429,-75.232731,0,0,0,0
Plymouth Meeting,40.104859000000005,-75.296082,0,0,0,0
Philadelphia West,40.006085999999996,-75.21214499999999,0,0,0,0
Phila-Art Museum PA,39.96163,-75.17269300000001,0,0,0,0
Phila-Washington Square W,39.950275,-75.159817,0,0,0,0
Phila-Rittenhouse Square N,39.95179,-75.17206,0,0,0,0
Philadelphia SE,39.923772,-75.145899,0,0,0,0
King of Prussia,40.09495,-75.365521,0,0,0,0
Deptford,39.82943,-75.09178100000001,0,0,0,0
Upper Providence N,40.211011,-75.49797099999999,0,0,0,0
Gloucester Township,39.747347,-74.994064,0,0,0,0
Upper Providence,40.130590999999995,-75.453136,0,0,0,0
Turnersville,39.733466,-75.039622,0,0,0,0
Concord,43.2189,-71.485199,0,0,0,0
Mantua,39.764984999999996,-75.132122,0,0,0,0
West Pottsgrove Twp,40.269058,-75.656297,0,0,0,0
Springfield,39.915528,-75.334492,0,0,0,0
Mays Landing,39.451831,-74.63359200000001,0,0,0,0
Springfield West,39.914902000000005,-75.350763,0,0,0,0
Malvern,40.049365,-75.520028,0,0,0,0
Binghamton Vestal,42.094186,-76.001181,0,0,0,0
Exton,40.039407000000004,-75.62947,0,0,0,0
Exeter Township,40.308325,-75.859418,0,0,0,0
Uwchlan Township,40.05259,-75.665338,0,0,0,0
Muhlenberg Township,40.397293,-75.92886899999999,0,0,0,0
Concord Township,39.88078,-75.527971,0,0,0,0
Greenland,43.048951,-70.818587,0,0,0,0
New Hartford,43.083646,-75.315158,0,0,0,0
Brandywine,39.83067,-75.540736,0,0,0,0
Spring Township,40.359435999999995,-75.983374,0,0,0,0
Millville,39.420673,-75.04096700000001,0,0,0,0
Somersworth,43.235048,-70.884519,0,0,0,0
Christiana,39.678940000000004,-75.649576,0,0,0,0
Lancaster East,40.026216,-76.203447,0,0,0,0
Warwick Township,40.132428999999995,-76.307023,0,0,0,0
Fayetteville,43.031849,-76.01978199999999,0,0,0,0
Lancaster Central,40.068111,-76.311442,0,0,0,0
Lansing,42.484933000000005,-76.49059799999999,0,0,0,0
Williamsport,41.2438,-76.8352,0,0,0,0
Biddeford,43.474001,-70.51413000000001,0,0,0,0
Dover,39.159345,-75.511066,0,0,0,0
Selinsgrove,40.842348,-76.837848,0,0,0,0
Camillus,43.047055,-76.236152,0,0,0,0
Cicero,43.161815000000004,-76.122579,0,0,0,0
Big Flats,42.152921,-76.873337,0,0,0,0
Aberdeen,39.521077000000005,-76.17799000000001,0,0,0,0
Clay,43.187796999999996,-76.247107,0,0,0,0
Harrisburg North,40.308926,-76.796429,0,0,0,0
Harrisburg East,40.246128999999996,-76.806682,0,0,0,0
South Portland,43.634242,-70.347774,0,0,0,0
York Galleria,39.987156,-76.68029,0,0,0,0
Bel Air,39.525112,-76.350472,0,0,0,0
Abingdon,39.460233,-76.31630799999999,0,0,0,0
York West,39.965157,-76.778147,0,0,0,0
Mechanicsburg,40.250051,-77.010734,0,0,0,0
White Marsh,39.370616,-76.451532,0,0,0,0
Middle River,39.334697999999996,-76.44805799999999,0,0,0,0
Carlisle,40.195509,-77.157597,0,0,0,0
Timonium,39.461851,-76.63409899999999,0,0,0,0
Towson,39.394738000000004,-76.582217,0,0,0,0
Hanover,39.82736,-76.998255,0,0,0,0
Baltimore East,39.275284,-76.565947,0,0,0,0
Plattsburgh,44.702338,-73.491875,0,0,0,0
Watertown,43.971677,-75.960495,0,0,0,0
Pikesville,39.384743,-76.73146,0,0,0,0
Owings Mills,39.433405,-76.799203,0,0,0,0
Westminster,39.566736,-76.974265,0,0,0,0
Topsham,43.934038,-69.985271,0,0,0,0
Augusta,44.312403,-69.80499300000001,0,0,0,0
Victor,43.033533,-77.448691,0,0,0,0
Penfield,43.128391,-77.443196,0,0,0,0
Webster,43.211403999999995,-77.451215,0,0,0,0
Irondequoit,43.198015000000005,-77.573885,0,0,0,0
Henrietta,43.078449,-77.63205,0,0,0,0
Greece,43.2024,-77.692925,0,0,0,0
Chili,43.104625,-77.74614,0,0,0,0
Glen Burnie North,39.189988,-76.610587,0,0,0,0
Glen Burnie,39.133067,-76.634601,0,0,0,0
Easton,38.7822,-76.0864,0,0,0,0
Annapolis,38.97988,-76.541035,0,0,0,0
Ellicott City,39.250575,-76.817265,0,0,0,0
Columbia,39.196971000000005,-76.81348299999999,0,0,0,0
Crofton,39.0341,-76.684,0,0,0,0
Laurel,39.096990999999996,-76.809663,0,0,0,0
Bowie,38.952326,-76.72232199999999,0,0,0,0
Lanham,38.953917,-76.824625,0,0,0,0
Greenbelt,38.998652,-76.906711,0,0,0,0
Silver Spring,39.052045,-76.95645999999999,0,0,0,0
Largo,38.896156,-76.826762,0,0,0,0
Salisbury,38.415965,-75.560247,0,0,0,0
College Park,38.982252,-76.93761500000001,0,0,0,0
Prince Georges Plaza,38.968075,-76.955453,0,0,0,0
Wheaton,39.036286,-77.05633,0,0,0,0
Forestville,38.848636,-76.886439,0,0,0,0
Rockville,39.056591,-77.114947,0,0,0,0
Columbia Heights,38.929275,-77.032746,0,0,0,0
Germantown,39.198921999999996,-77.248722,0,0,0,0
Bethesda,38.978419,-77.09070200000001,0,0,0,0
Gaithersburg,39.118834,-77.20236,0,0,0,0
Rosslyn,38.8946,-77.0743,0,0,0,0
Frederick,39.38227,-77.397979,0,0,0,0
Alexandria,38.833904,-77.050005,0,0,0,0
Brandywine,38.672451,-76.873173,0,0,0,0
Skyline,38.844671999999996,-77.118418,0,0,0,0
Falls Church,38.868047,-77.142045,0,0,0,0
Falls Church Tinner Hill,38.879821,-77.176845,0,0,0,0
Alexandria Hybla Valley,38.776005,-77.082404,0,0,0,0
Waldorf,38.621217,-76.922799,0,0,0,0
Merrifield,38.872567,-77.229434,0,0,0,0
Chambersburg,39.941493,-77.627834,0,0,0,0
Springfield,38.775617,-77.173564,0,0,0,0
Sterling,39.026292,-77.40061,0,0,0,0
Reston,38.95471,-77.369927,0,0,0,0
Dulles,39.009215999999995,-77.439655,0,0,0,0
Lexington Park,38.297683,-76.513826,0,0,0,0
LaPlata,38.541484000000004,-76.98249200000001,0,0,0,0
Leesburg,39.115638,-77.534723,0,0,0,0
Fairfax,38.798687,-77.301682,0,0,0,0
Fair Lakes,38.855688,-77.39291800000001,0,0,0,0
Hagerstown,39.620301,-77.772574,0,0,0,0
Chantilly,38.8952,-77.445838,0,0,0,0
Potomac Mills,38.654476,-77.288786,0,0,0,0
Dumfries,38.597376000000004,-77.33310999999999,0,0,0,0
Manassas West,38.739441,-77.532044,0,0,0,0
Gainesville,38.79473,-77.606751,0,0,0,0
Martinsburg,39.437745,-77.991967,0,0,0,0
Stafford,38.468742,-77.40866199999999,0,0,0,0
State College University Campus,40.7925,-77.8618,0,0,0,0
State College,40.812571000000005,-77.90670300000001,0,0,0,0
Winchester North,39.221962,-78.135246,0,0,0,0
Stafford South,38.3448,-77.4932,0,0,0,0
Winchester,39.154246,-78.16744,0,0,0,0
Fredericksburg,38.299852,-77.512493,0,0,0,0
Fredericksburg S,38.224917,-77.501837,0,0,0,0
Front Royal,38.9635,-78.1924,0,0,0,0
Altoona,40.459301,-78.40602,0,0,0,0
Culpeper,38.48338,-77.966828,0,0,0,0
Virginia Center Commons,37.673607000000004,-77.462599,0,0,0,0
Mechanicsville,37.600194,-77.350755,0,0,0,0
Richmond Near NW,37.639008000000004,-77.511354,0,0,0,0
Williamsburg East,37.258955,-76.64105500000001,0,0,0,0
Richmond East,37.530964000000004,-77.35611,0,0,0,0
Richmond NW,37.651920000000004,-77.605343,0,0,0,0
Richmond Central,37.586919,-77.500796,0,0,0,0
Williamsburg,37.271370000000005,-76.760678,0,0,0,0
Forest Hill,37.535149,-77.52764,0,0,0,0
Newport News,37.107827,-76.492272,0,0,0,0
Richmond West,37.504046,-77.605104,0,0,0,0
Charlottesville,38.12851,-78.440993,0,0,0,0
Hampton,37.042442,-76.39244599999999,0,0,0,0
Richmond Far West,37.51178,-77.692738,0,0,0,0
Chester,37.350281,-77.41042900000001,0,0,0,0
Richmond Brandermill,37.420887,-77.63418,0,0,0,0
Harrisonburg,38.425876,-78.843,0,0,0,0
Virginia Beach East,36.846717,-76.02287700000001,0,0,0,0
Norfolk,36.86527,-76.212298,0,0,0,0
Virginia Beach Pemb,36.844625,-76.133441,0,0,0,0
Virginia Beach South,36.788687,-76.109025,0,0,0,0
Virginia Beach SE,36.75582,-76.009786,0,0,0,0
Chesapeake Sq Mall,36.828586,-76.414423,0,0,0,0
Chesapeake East,36.771766,-76.231762,0,0,0,0
Colonial Heights,37.248789,-77.386397,0,0,0,0
Chesapeake South,36.659011,-76.234037,0,0,0,0
Waynesboro,38.056309000000006,-78.942225,0,0,0,0
Lynchburg,37.346211,-79.190985,0,0,0,0
Rocky Mount,35.971665,-77.813212,0,0,0,0
Greenville,35.578601,-77.383195,0,0,0,0
Lady Lake,28.933609000000004,-81.939833,0,0,0,0
St Augustine,29.875513,-81.32240999999999,0,0,0,0
Palm Coast,29.477203000000003,-81.21843199999999,0,0,0,0
Mt Dora,28.819622999999996,-81.667715,0,0,0,0
Spring Hill,28.495282,-82.598506,0,0,0,0
Spring Hill East,28.479153000000004,-82.479327,0,0,0,0
Orange City,28.915839000000002,-81.29271,0,0,0,0
Daytona Beach,29.183284999999998,-81.079788,0,0,0,0
Sanford,28.798510999999998,-81.33646800000001,0,0,0,0
Clermont,28.549307000000002,-81.70486600000001,0,0,0,0
Lake Mary,28.754586,-81.348846,0,0,0,0
Port Orange,29.110413,-81.02806700000001,0,0,0,0
Altamonte Springs,28.662944,-81.41757,0,0,0,0
Winter Garden,28.521262,-81.584843,0,0,0,0
Casselberry,28.671052000000003,-81.340451,0,0,0,0
Oviedo,28.657927,-81.23563299999999,0,0,0,0
East Colonial,28.555243,-81.345493,0,0,0,0
Orlando East,28.595167,-81.288126,0,0,0,0
Seven Springs,28.201413,-82.664354,0,0,0,0
Orlando Millenia,28.492932,-81.430165,0,0,0,0
Orlando - Sodo,28.515846000000003,-81.379469,0,0,0,0
Tampa North,28.172888,-82.470324,0,0,0,0
New Tampa,28.172833,-82.35557,0,0,0,0
Orlando SW,28.344167,-81.61421899999999,0,0,0,0
Orlando South,28.449346000000002,-81.390654,0,0,0,0
Waterford Lakes,28.552201,-81.20217099999999,0,0,0,0
North Dale Mabry,28.088613,-82.50497299999999,0,0,0,0
Hunters Creek,28.369540999999998,-81.407184,0,0,0,0
Kissimmee West,28.331560999999997,-81.471396,0,0,0,0
University Plaza,28.071895,-82.428282,0,0,0,0
NE Polk County,28.232819,-81.643913,0,0,0,0
Boot Ranch,28.063326,-82.70755600000001,0,0,0,0
Lakeland North,28.092392999999998,-81.970917,0,0,0,0
Town & Country,28.027790999999997,-82.54836999999999,0,0,0,0
Tampa West,28.015839,-82.612749,0,0,0,0
Tampa Central Walter's Crossing,27.957041999999998,-82.50831099999999,0,0,0,0
Clearwater,27.958182,-82.724497,0,0,0,0
Lakeland South,28.000168,-81.972942,0,0,0,0
Brandon,27.936417,-82.323706,0,0,0,0
Gandy,27.894675,-82.504568,0,0,0,0
Brandon South,27.895359999999997,-82.333087,0,0,0,0
Titusville,28.551849,-80.840758,0,0,0,0
Largo,27.892652000000002,-82.784993,0,0,0,0
St Petersburg Gateway,27.846104999999998,-82.644125,0,0,0,0
Pinellas Park,27.836841999999997,-82.684696,0,0,0,0
Park & Tyrone,27.812701,-82.755764,0,0,0,0
Merritt Island,28.386689,-80.704665,0,0,0,0
Viera,28.228007,-80.720324,0,0,0,0
Melbourne,28.080003,-80.665964,0,0,0,0
Bradenton,27.432646000000002,-82.577904,0,0,0,0
West Melbourne,28.038121999999998,-80.661401,0,0,0,0
University Parkway,27.387171000000002,-82.457988,0,0,0,0
North Sarasota,27.336616999999997,-82.46222,0,0,0,0
Sarasota,27.228133000000003,-82.492189,0,0,0,0
Venice,27.051846,-82.390683,0,0,0,0
Port Charlotte,27.013496999999997,-82.142729,0,0,0,0
Vero Beach,27.640415,-80.448042,0,0,0,0
Port St Lucie,27.269940000000002,-80.427047,0,0,0,0
Cape Coral North,26.669695,-81.932793,0,0,0,0
Stuart,27.236590000000003,-80.271472,0,0,0,0
Cape Coral,26.606538,-81.97670699999999,0,0,0,0
Fort Myers North,26.615149,-81.80119599999999,0,0,0,0
Ft Myers,26.542519,-81.8687,0,0,0,0
Fort Myers SW,26.510365000000004,-81.945624,0,0,0,0
Lee County,26.483590999999997,-81.786526,0,0,0,0
Coconut Point,26.406256,-81.806168,0,0,0,0
Naples North,26.270688,-81.74046700000001,0,0,0,0
Naples,26.209139,-81.77068100000001,0,0,0,0
Royal Palm Beach,26.710874,-80.20249100000001,0,0,0,0
Lake Park/Palm Beach Gardens,26.805859,-80.082894,0,0,0,0
Wellington South,26.593154,-80.202937,0,0,0,0
West Palm Beach,26.722686,-80.085032,0,0,0,0
Greenacres,26.618184000000003,-80.136732,0,0,0,0
Boynton Beach West,26.525843,-80.16596700000001,0,0,0,0
Boynton Beach SE,26.533378000000003,-80.088374,0,0,0,0
West Boca Raton,26.354865000000004,-80.20459699999999,0,0,0,0
Coral Springs NW,26.297052,-80.252135,0,0,0,0
Delray Beach,26.437580999999998,-80.084774,0,0,0,0
Coral Springs,26.284716999999997,-80.2042,0,0,0,0
Sawgrass,26.15405,-80.318536,0,0,0,0
Deerfield Beach W,26.319516999999998,-80.151457,0,0,0,0
Plantation,26.118208,-80.258157,0,0,0,0
Deerfield Beach,26.301879,-80.092574,0,0,0,0
Miramar,25.980109,-80.371503,0,0,0,0
Pembroke Pines,26.009087,-80.299459,0,0,0,0
Davie,26.047983,-80.249459,0,0,0,0
Ft Lauderdale,26.168248000000002,-80.11585600000001,0,0,0,0
Miami Lakes,25.940545,-80.29114799999999,0,0,0,0
Hollywood,26.012706,-80.17438,0,0,0,0
Hialeah,25.853786,-80.317161,0,0,0,0
Aventura,25.971644,-80.14096500000001,0,0,0,0
Miami Flagler,25.771189,-80.35979300000001,0,0,0,0
Kendall,25.685467000000003,-80.437934,0,0,0,0
North Miami,25.906886,-80.156727,0,0,0,0
Bird Road,25.735588,-80.321217,0,0,0,0
Miami Central,25.810344,-80.19364300000001,0,0,0,0
Dadeland,25.693142,-80.305695,0,0,0,0
Dadeland South,25.672791,-80.322582,0,0,0,0
Cutler Ridge,25.575947,-80.375153,0,0,0,0
Charleston South,32.79943,-80.030606,0,0,0,0
Mt Pleasant,32.824343,-79.81782,0,0,0,0
North Charleston,32.935508,-80.036232,0,0,0,0
Summerville,33.040283,-80.157735,0,0,0,0
Columbia Garners Ferry,33.981615999999995,-80.96833199999999,0,0,0,0
Gastonia,35.2642,-81.1383,0,0,0,0
Columbia NE,34.11804,-80.877112,0,0,0,0
Rock Hill,34.939136,-80.97785400000001,0,0,0,0
Charlotte SW,35.1004,-80.985799,0,0,0,0
Hickory,35.700449,-81.30767900000001,0,0,0,0
Pineville,35.107803000000004,-80.878991,0,0,0,0
Bristol,36.636703999999995,-82.109602,0,0,0,0
Charlotte Stonecrest,35.058613,-80.815392,0,0,0,0
Charlotte Blakeney,35.037397999999996,-80.80771999999999,0,0,0,0
Charlotte Midtown,35.214504999999996,-80.834873,0,0,0,0
Charlotte North,35.349655,-80.859636,0,0,0,0
Wesley Chapel,34.999776000000004,-80.69596,0,0,0,0
Huntersville,35.442959,-80.861845,0,0,0,0
Charlotte SE,35.122594,-80.70644899999999,0,0,0,0
NE Charlotte,35.293192,-80.74531400000001,0,0,0,0
Charlotte East,35.209345,-80.69433599999999,0,0,0,0
Mooresville,35.597994,-80.871048,0,0,0,0
Monroe,35.019985,-80.580866,0,0,0,0
Kannapolis,35.417124,-80.678476,0,0,0,0
Florence,34.193002,-79.837492,0,0,0,0
Myrtle Beach SO,33.653935,-78.98049,0,0,0,0
Myrtle Beach,33.713440999999996,-78.893579,0,0,0,0
Winston-Salem South,36.069071,-80.320706,0,0,0,0
Winston-Salem North,36.168581,-80.278784,0,0,0,0
Kernersville,36.109746,-80.099962,0,0,0,0
High Point,35.993478,-80.008273,0,0,0,0
Greensboro South,36.056943,-79.906945,0,0,0,0
Greensboro West,36.113815,-79.87683100000001,0,0,0,0
Greensboro NW,36.104303,-79.82095,0,0,0,0
Burlington,36.066311,-79.520314,0,0,0,0
Fayetteville,35.054709,-78.974689,0,0,0,0
Christiansburg,37.157251,-80.42241899999999,0,0,0,0
UNC Franklin St,35.912174,-79.05713100000001,0,0,0,0
Wilmington,34.248428000000004,-77.881124,0,0,0,0
Holly Springs,35.660579999999996,-78.851383,0,0,0,0
Hawaii-Hilo,19.700501000000003,-155.059235,2,10,13,13
Hawaii-Kona,19.648413,-156.002854,2,10,13,13
Maui-Kahului,20.8732,-156.4576,2,10,13,13
Oahu-Kailua,21.391429000000002,-157.739416,2,10,13,13
Oahu Honolulu Ala Moana,21.292351,-157.84205500000002,2,10,13,13
Oahu-Honolulu West,21.355701999999997,-157.928751,2,10,13,13
Oahu-Kapolei,21.331578,-158.09282199999998,2,10,13,13
Cedar Falls,42.481499,-92.44366099999999,0,0,0,0
Mason City,43.149783,-93.25336899999999,0,0,0,0
Waterloo,42.465422,-92.327219,0,0,0,0
Ames,42.019165,-93.60746400000001,0,0,0,0
Fort Dodge,42.506153999999995,-94.157354,0,0,0,0
Ankeny,41.709536,-93.578786,0,0,0,0
Altoona,41.641903000000006,-93.504625,0,0,0,0
Des Moines North,41.630418,-93.699735,0,0,0,0
Urbandale,41.647194,-93.76729399999999,0,0,0,0
Cedar Rapids North,42.036658,-91.650377,0,0,0,0
West Des Moines,41.599259,-93.752751,0,0,0,0
Cedar Rapids South,41.944325,-91.71696,0,0,0,0
South Des Moines,41.523719,-93.60205,0,0,0,0
West Des Moines SW,41.561322,-93.779833,0,0,0,0
Rochester South,43.954522999999995,-92.464843,0,0,0,0
Iowa City,41.691581,-91.599686,0,0,0,0
Owatonna,44.086577,-93.24900799999999,0,0,0,0
Rochester,44.063196999999995,-92.502995,0,0,0,0
Mankato,44.172924,-93.951425,0,0,0,0
Dubuque,42.490219,-90.721855,0,0,0,0
Winona,44.031846,-91.62087199999999,0,0,0,0
Northfield,44.43365,-93.186378,0,0,0,0
LaCrosse,43.873946999999994,-91.193309,0,0,0,0
Red Wing,44.568743,-92.582546,0,0,0,0
Lakeville,44.683917,-93.29175699999999,0,0,0,0
Apple Valley South,44.723307,-93.17535500000001,0,0,0,0
Apple Valley,44.729898,-93.21455,0,0,0,0
Burnsville,44.748796,-93.288845,0,0,0,0
Savage,44.743707,-93.377421,0,0,0,0
Eagan,44.791154,-93.205846,0,0,0,0
Davenport,41.573099,-90.52664399999999,0,0,0,0
Shakopee,44.775657,-93.500873,0,0,0,0
Cottage Grove,44.815020000000004,-92.93100799999999,0,0,0,0
Inver Grove Heights,44.836017,-93.08776999999999,0,0,0,0
SW Moline,41.46953,-90.525002,0,0,0,0
Chaska,44.827056,-93.60050600000001,0,0,0,0
Bloomington,44.860029,-93.31157900000001,0,0,0,0
Eden Prairie,44.855701,-93.425342,0,0,0,0
Edina,44.875471999999995,-93.3236,0,0,0,0
Richfield,44.885484000000005,-93.249402,0,0,0,0
West St Paul,44.893758,-93.07851600000001,0,0,0,0
Chanhassen,44.861783,-93.542683,0,0,0,0
Waconia,44.840872999999995,-93.770344,0,0,0,0
St. Paul Highland Park,44.917612,-93.188251,0,0,0,0
Woodbury,44.926719,-92.959728,0,0,0,0
Woodbury East,44.939485999999995,-92.908822,0,0,0,0
Minnetonka,44.916909000000004,-93.504896,0,0,0,0
St Louis Park,44.936939,-93.346785,0,0,0,0
East St Paul,44.949601,-93.028418,0,0,0,0
Burlington,40.820834999999995,-91.17191899999999,0,0,0,0
Knollwood,44.935928999999994,-93.392737,0,0,0,0
Lake Street,44.949951,-93.236742,0,0,0,0
St Paul Midway,44.953491,-93.155753,0,0,0,0
Minneapolis Uptown,44.948763,-93.29617900000001,0,0,0,0
Hudson,44.965714,-92.72374599999999,0,0,0,0
Mpls Nicollet Mall,44.975017,-93.27410400000001,0,0,0,0
Minneapolis Dinkytown,44.981615999999995,-93.235075,0,0,0,0
Ridgedale,44.970157,-93.447411,0,0,0,0
Oakdale,44.996899,-92.94595600000001,0,0,0,0
Minneapolis NE,45.004814,-93.22993199999999,0,0,0,0
Roseville T1,45.007659000000004,-93.163733,0,0,0,0
North St Paul,45.013767,-93.009068,0,0,0,0
Stillwater,45.037686,-92.838689,0,0,0,0
Plymouth,45.031424,-93.450801,0,0,0,0
Vadnais Heights,45.052234999999996,-93.060696,0,0,0,0
Shoreview,45.056743,-93.144848,0,0,0,0
Crystal,45.052732,-93.365555,0,0,0,0
Eau Claire,44.780861,-91.434078,0,0,0,0
Fridley,45.0659,-93.2512,0,0,0,0
Medina,45.045408,-93.529583,0,0,0,0
Brooklyn Center,45.065669,-93.307622,0,0,0,0
Hutchinson,44.868546,-94.377826,0,0,0,0
Brooklyn Park,45.091081,-93.377936,0,0,0,0
Northtown,45.126821,-93.268746,0,0,0,0
Maple Grove North,45.136208,-93.474429,0,0,0,0
Blaine,45.165672,-93.232421,0,0,0,0
Lino Lakes,45.184494,-93.104546,0,0,0,0
Champlin,45.172343,-93.388483,0,0,0,0
Coon Rapids,45.194942,-93.35036600000001,0,0,0,0
Andover,45.217556,-93.315988,0,0,0,0
Rogers,45.19775,-93.554631,0,0,0,0
Buffalo,45.164304,-93.855592,0,0,0,0
Galesburg,40.975575,-90.387303,0,0,0,0
Madison West,43.06214,-89.525021,0,0,0,0
Fitchburg,43.013704,-89.481932,0,0,0,0
Forest Lake,45.274286,-93.000051,0,0,0,0
Madison Hilldale,43.074785,-89.45352,0,0,0,0
Otsego,45.278232,-93.56349200000001,0,0,0,0
Monticello,45.293475,-93.772811,0,0,0,0
Madison East,43.119366,-89.307239,0,0,0,0
Sun Prairie,43.170684,-89.267363,0,0,0,0
Sioux Falls East,43.539039,-96.654829,0,0,3,3
Willmar,45.09785,-95.041362,0,0,0,0
Sioux Falls,43.511783,-96.769284,0,0,3,3
Marshfield,44.684235,-90.16300600000001,0,0,0,0
Cambridge,45.574245,-93.200224,0,0,0,0
Machesney Park,42.367202,-89.02823000000001,0,0,0,0
Janesville,42.722066999999996,-88.998294,0,0,0,0
Rockford,42.269861999999996,-88.988941,0,0,0,0
St Cloud East,45.565472,-94.145193,0,0,0,0
St Cloud,45.556925,-94.208528,0,0,0,0
Stevens Point,44.524443,-89.522728,0,0,0,0
Peoria,40.748276000000004,-89.635233,0,0,0,0
Peru,41.361911,-89.128816,0,0,0,0
East Peoria,40.672011,-89.583848,0,0,0,0
DeKalb,41.95511,-88.724958,0,0,0,0
Wausau,44.90672,-89.591312,0,0,0,0
Lake Geneva,42.598115,-88.41530300000001,0,0,0,0
Delafield,43.050684000000004,-88.376891,0,0,0,0
Algonquin,42.162103,-88.338752,0,0,0,0
Fond du Lac,43.790903,-88.484965,0,0,0,0
Oshkosh,43.998428000000004,-88.57763800000001,0,0,0,0
Crystal Lake,42.228648,-88.304973,0,0,0,0
Waukesha South,42.989738,-88.259203,0,0,0,0
Elgin,42.025658,-88.341499,0,0,0,0
Yorkville,41.662813,-88.464549,0,0,0,0
South Elgin,41.975733,-88.343173,0,0,0,0
North Aurora,41.797576,-88.364632,0,0,0,0
Batavia,41.851976,-88.34214,0,0,0,0
Waukesha,43.034537,-88.177573,0,0,0,0
St Charles,41.918795,-88.263731,0,0,0,0
Hoffman Estates,42.073721,-88.193046,0,0,0,0
Oswego,41.69696,-88.31602099999999,0,0,0,0
New Berlin,42.958073,-88.106897,0,0,0,0
Springfield,39.750085999999996,-89.71016,0,0,0,0
Bloomington Normal,40.507342,-88.957364,0,0,0,0
Decatur,39.890465,-88.958388,0,0,0,0
Shorewood,41.542273,-88.202789,0,0,0,0
Champaign,40.141521999999995,-88.25544000000001,0,0,0,0
Plainfield,41.649733000000005,-88.205591,0,0,0,0
Joliet,41.577123,-88.154391,0,0,0,0
Naperville,41.771608,-88.203784,0,0,0,0
Warrenville,41.800457,-88.170151,0,0,0,0
Bolingbrook,41.704813,-88.122003,0,0,0,0
Wheaton,41.859336,-88.140105,0,0,0,0
Streamwood,42.017305,-88.200911,0,0,0,0
West Schaumburg,42.023244,-88.145491,0,0,0,0
Lemont,41.644007,-88.004072,0,0,0,0
Woodridge,41.770848,-88.03870400000001,0,0,0,0
Glendale Heights,41.937464,-88.098861,0,0,0,0
New Lenox,41.507197,-87.920631,0,0,0,0
Lombard,41.844493,-88.003085,0,0,0,0
Bradley,41.173961,-87.85373299999999,0,0,0,0
Willowbrook,41.75014,-87.943448,0,0,0,0
Woodfield,42.037979,-88.048792,0,0,0,0
Villa Park,41.906984,-87.97710500000001,0,0,0,0
Lake Zurich,42.187052,-88.104445,0,0,0,0
Wood Dale,41.967029,-87.992439,0,0,0,0
Orland Park,41.603297,-87.850649,0,0,0,0
Palatine,42.137514,-88.02741999999999,0,0,0,0
Tinley Park,41.545282,-87.795307,0,0,0,0
Hodgkins,41.780722999999995,-87.860088,0,0,0,0
Hillside,41.867936,-87.88726,0,0,0,0
Arlington Heights,42.102270000000004,-87.962664,0,0,0,0
Broadview,41.854807,-87.851605,0,0,0,0
Mundelein,42.283881,-88.044737,0,0,0,0
Rosemont,42.006468,-87.88653199999999,0,0,0,0
Melrose Park,41.905597,-87.84395500000001,0,0,0,0
Wheeling,42.15456,-87.950964,0,0,0,0
Crestwood,41.656903,-87.74573199999999,0,0,0,0
OakPark,41.888068,-87.803848,0,0,0,0
Vernon Hills,42.23921,-87.95723000000001,0,0,0,0
Bedford Park,41.762772999999996,-87.74283,0,0,0,0
Norridge,41.953793,-87.808415,0,0,0,0
Oak Lawn,41.720997,-87.724964,0,0,0,0
Chicago Brickyard,41.930371,-87.78927,0,0,0,0
Golf Mills,42.052844,-87.838899,0,0,0,0
Cicero,41.839285,-87.741635,0,0,0,0
Chicago South Pulaski,41.812934999999996,-87.722548,0,0,0,0
Niles,42.012531,-87.78050999999999,0,0,0,0
Gurnee,42.383115999999994,-87.965756,0,0,0,0
CHI Morgan Park,41.679288,-87.66445300000001,0,0,0,0
Homewood,41.568789,-87.634284,0,0,0,0
Glenview,42.102644,-87.813458,0,0,0,0
Lake Bluff,42.279153,-87.873827,0,0,0,0
Highland Park,42.191676,-87.824965,0,0,0,0
Chicago McKinley Park,41.835613,-87.674869,0,0,0,0
Skokie IL,42.040417,-87.751225,0,0,0,0
Chicago Mid North,41.945125,-87.701945,0,0,0,0
Chicago Near North,41.929386,-87.685128,0,0,0,0
Chicago West Loop,41.877739,-87.654667,0,0,0,0
Evanston,42.020562,-87.705636,0,0,0,0
Chicago South,41.738948,-87.606236,0,0,0,0
Chicago Lakeview Ashland,41.9416,-87.667,0,0,0,0
Chicago Peterson Ave,41.990786,-87.682837,0,0,0,0
Chicago Division,41.903847999999996,-87.64345300000001,0,0,0,0
Chicago South Loop,41.867717999999996,-87.630707,0,0,0,0
Chicago Lakeview Belmont Stn,41.940098,-87.651389,0,0,0,0
Chicago State St.,41.881699,-87.627409,0,0,0,0
Chicago Lincoln Park North,41.931421,-87.64455600000001,0,0,0,0
Chicago Wilson Yard,41.963561,-87.65639300000001,0,0,0,0
Chicago Hyde Park IL,41.7996,-87.5934,0,0,0,0
Evanston Downtown,42.0477542,-87.6820639,0,0,0,0
Chicago Streeterville,41.890953,-87.617418,0,0,0,0
Waukegan,42.407985,-87.856489,0,0,0,0
Munster,41.567114000000004,-87.507284,0,0,0,0
Pleasant Prairie,42.564409999999995,-87.9284,0,0,0,0
St John,41.43972,-87.467834,0,0,0,0
Highland,41.524173,-87.46833000000001,0,0,0,0
Watertown,44.888651,-97.083451,0,0,3,3
Alexandria,45.850045,-95.389931,0,0,0,0
Franklin,42.903914,-88.037063,0,0,0,0
Brookfield,43.034218,-88.071795,0,0,0,0
West Allis,42.996736999999996,-88.044825,0,0,0,0
Menomonee Falls,43.189642,-88.129009,0,0,0,0
Wauwatosa,43.087499,-88.06412399999999,0,0,0,0
Greenfield,42.957411,-87.951424,0,0,0,0
West Milwaukee,43.014838,-87.969611,0,0,0,0
Oak Creek,42.882766,-87.915653,0,0,0,0
Racine,42.698895,-87.843716,0,0,0,0
Milwaukee Chase,42.992009,-87.90821,0,0,0,0
Grafton,43.319140000000004,-87.92230699999999,0,0,0,0
Appleton,44.269859999999994,-88.46903,0,0,0,0
Appleton East,44.245862,-88.35683,0,0,0,0
Kohler,43.716468,-87.76653,0,0,0,0
Lake County,41.469485999999996,-87.303074,0,0,0,0
Green Bay West,44.490590000000005,-88.070666,0,0,0,0
Valparaiso,41.466956,-87.030416,0,0,0,0
Bellevue,44.465351,-87.98599899999999,0,0,0,0
Brainerd,46.362996,-94.241828,0,0,0,0
Aberdeen,45.457452,-98.440585,0,0,3,3
Lafayette,40.419482,-86.847233,0,0,0,0
South Bend,41.62764,-86.229348,0,0,0,0
Norton Shores,43.160374,-86.208562,0,0,0,0
Mishawaka,41.718127,-86.176825,0,0,0,0
Holland,42.831115999999994,-86.092003,0,0,0,0
Sturgeon Bay,44.823398,-87.403163,0,0,0,0
Duluth,46.808391,-92.16745,0,0,0,0
Fargo,46.860628000000005,-96.852985,0,0,0,0
Moorhead,46.875702000000004,-96.728311,0,0,0,0
Twin Falls,42.590837,-114.462897,0,11,-1,-1
Idaho Falls,43.478064,-111.9832,0,-1,-1,-1
Boise,43.610580999999996,-116.285758,0,11,14,14
Boise NW,43.661722999999995,-116.35241699999999,0,11,14,14
Nampa,43.610162,-116.589454,0,11,14,14
Bozeman,45.710678,-111.070672,0,12,15,15
Helena,46.621295,-112.019278,0,12,15,15
Billings,45.770815999999996,-108.58233100000001,0,-1,-1,-1
Billings East,45.806033,-108.47273600000001,0,-1,-1,-1
Coeur d'Alene,47.734676,-116.79106499999999,0,13,16,16
Spokane Valley,47.656051,-117.219974,0,13,16,16
Spokane South,47.609596999999994,-117.365315,0,13,16,16
North Spokane,47.747572999999996,-117.400259,0,13,16,16
Missoula,46.887645,-114.03723600000001,0,12,-1,-1
Kalispell,48.235975,-114.32673700000001,0,12,-1,-1
Kennewick,46.221915,-119.22201000000001,0,9,17,17
Richland,46.258390999999996,-119.313294,0,9,17,17
Wenatchee,47.438438,-120.32738300000001,0,9,17,17
Yakima,46.606678,-120.490059,0,9,17,17
Great Falls,47.493381,-111.27131200000001,0,12,15,15
Issaquah,47.542208,-122.050874,0,9,11,11
Redmond,47.672424,-122.104025,0,9,11,11
Lake Stevens,47.998684000000004,-122.101909,0,9,11,11
Goshen,41.622052000000004,-85.905035,0,0,0,0
Kokomo,40.474985,-86.109158,0,0,0,0
Kalamazoo West,42.29805,-85.654958,0,0,0,0
Kalamazoo,42.21853,-85.58801,0,0,0,0
Grandville,42.882214000000005,-85.740767,0,0,0,0
Wyoming,42.865307,-85.68571999999999,0,0,0,0
Carmel West,39.936085,-86.23232,0,0,0,0
Avon,39.760878999999996,-86.34183399999999,0,0,0,0
Carmel,40.008540999999994,-86.128331,0,0,0,0
Grand Rapids South,42.845957,-85.615412,0,0,0,0
Grand Rapids North,43.021951,-85.687598,0,0,0,0
Eagle Creek,39.821328,-86.28007099999999,0,0,0,0
Plainfield,39.716457,-86.355133,0,0,0,0
Grand Rapids East,42.908317,-85.541157,0,0,0,0
Battle Creek,42.25982,-85.185489,0,0,0,0
Fort Wayne SW,41.076805,-85.20336,0,0,0,0
Ft Wayne Glenbrook,41.111278999999996,-85.13815699999999,0,0,0,0
Ft Wayne NE,41.122161,-85.06403,0,0,0,0
West Lansing,42.738624,-84.628522,0,0,0,0
Nora Plaza,39.914909,-86.138697,0,0,0,0
Fishers,39.959298,-86.009396,0,0,0,0
Lansing South,42.66339,-84.54388,0,0,0,0
Indy Glendale,39.866403000000005,-86.119702,0,0,0,0
Jackson,42.267183,-84.425898,0,0,0,0
East Lansing,42.724329,-84.413321,0,0,0,0
Muncie,40.221835,-85.380771,0,0,0,0
Mt Pleasant,43.576501,-84.76593199999999,0,0,0,0
Washington Square,39.777506,-85.986361,0,0,0,0
Southport,39.667854999999996,-86.085026,0,0,0,0
Greenwood South,39.603069,-86.157634,0,0,0,0
Traverse City,44.725352,-85.63776800000001,0,0,0,0
Bloomington,39.162327000000005,-86.49395,0,0,0,0
Midland,43.658322999999996,-84.241662,0,0,0,0
Brighton,42.544916,-83.792129,0,0,0,0
Ann Arbor,42.244007,-83.76917900000001,0,0,0,0
Hartland Township,42.635048,-83.757437,0,0,0,0
Fenton,42.787259999999996,-83.736928,0,0,0,0
Ann Arbor East,42.235442,-83.67731500000001,0,0,0,0
Saginaw,43.48278,-83.970839,0,0,0,0
Flint,42.983646,-83.74945500000001,0,0,0,0
Toledo W,41.615312,-83.69522099999999,0,0,0,0
Columbus,39.219440999999996,-85.885239,0,0,0,0
Toledo NW,41.699627,-83.653767,0,0,0,0
Novi,42.488356,-83.53366199999999,0,0,0,0
Toledo NE,41.720484,-83.560917,0,0,0,0
Canton South,42.269635,-83.502964,0,0,0,0
Toledo SE,41.543181,-83.580605,0,0,0,0
Canton,42.323465,-83.471554,0,0,0,0
Commerce Township,42.533916,-83.441273,0,0,0,0
West Livonia,42.434408000000005,-83.431597,0,0,0,0
Florence,39.019597,-84.63324300000001,0,0,0,0
Western Hills,39.144703,-84.619454,0,0,0,0
Colerain,39.23584,-84.589433,0,0,0,0
UC Calhoun St,39.128040999999996,-84.51723,0,0,0,0
Newport,39.088746,-84.477503,0,0,0,0
Cincinnati Central,39.162131,-84.426016,0,0,0,0
Fairfield Township,39.387484,-84.50417,0,0,0,0
Springdale,39.287984,-84.453876,0,0,0,0
Blue Ash,39.224018,-84.395519,0,0,0,0
Beechmont Area,39.073405,-84.313929,0,0,0,0
West Chester Township,39.35608,-84.36144499999999,0,0,0,0
Milford,39.16256,-84.27425600000001,0,0,0,0
Fields Ertel,39.295565,-84.304805,0,0,0,0
South Lebanon,39.378464,-84.220507,0,0,0,0
Dayton South,39.633188,-84.214062,0,0,0,0
Sugarcreek Township,39.659006,-84.104462,0,0,0,0
Huber Heights,39.871423,-84.133674,0,0,0,0
Beavercreek,39.76211,-84.05115500000001,0,0,0,0
Westland,42.337321,-83.390466,0,0,0,0
Farmington Hills,42.452087,-83.343323,0,0,0,0
Livonia,42.366765,-83.33476999999999,0,0,0,0
Dearborn Heights,42.328097,-83.302704,0,0,0,0
Bloomfield Township,42.603898,-83.293397,0,0,0,0
Southland,42.203291,-83.255143,0,0,0,0
Woodhaven,42.137729,-83.224591,0,0,0,0
Allen Park,42.285239000000004,-83.206598,0,0,0,0
Dearborn,42.327940000000005,-83.199533,0,0,0,0
Auburn Hills,42.706427000000005,-83.29106,0,0,0,0
Southfield,42.512896000000005,-83.225026,0,0,0,0
Troy,42.544789,-83.189464,0,0,0,0
Madison Heights,42.528515000000006,-83.108536,0,0,0,0
Warren,42.503663,-83.083264,0,0,0,0
Rochester,42.637931,-83.12942,0,0,0,0
Sterling Heights W,42.561977,-83.085314,0,0,0,0
Sterling Heights,42.556024,-83.026364,0,0,0,0
Lakeside,42.628532,-82.99659100000001,0,0,0,0
Shelby Township,42.711399,-83.033136,0,0,0,0
Clinton Pointe,42.545455,-82.90294499999999,0,0,0,0
Macomb Twp,42.630581,-82.912577,0,0,0,0
Sandusky,41.420935,-82.672811,0,0,0,0
Powell,40.143117,-83.09490699999999,0,0,0,0
Columbus NW,40.090208000000004,-83.089989,0,0,0,0
Hilliard,40.038055,-83.123237,0,0,0,0
Chesterfield,42.67708,-82.829093,0,0,0,0
Columbus Far SW,39.990764,-83.149457,0,0,0,0
Polaris,40.138804,-82.97916,0,0,0,0
Graceland,40.065417,-83.020761,0,0,0,0
Columbus Central,39.993456,-83.02691899999999,0,0,0,0
Mansfield,40.786265,-82.594287,0,0,0,0
Columbus NE,40.056129999999996,-82.920862,0,0,0,0
Grove City,39.876607,-83.037458,0,0,0,0
Whitehall,39.971383,-82.89574,0,0,0,0
Amherst,41.41366,-82.241791,0,0,0,0
Columbus East,39.988048,-82.785363,0,0,0,0
Reynoldsburg,39.934578,-82.792794,0,0,0,0
Elyria,41.388517,-82.108453,0,0,0,0
Avon OH,41.463296,-82.01004300000001,0,0,0,0
Heath,40.032323999999996,-82.451051,0,0,0,0
North Olmsted,41.420371,-81.89537800000001,0,0,0,0
Fairview Park,41.458387,-81.850181,0,0,0,0
Medina,41.155122999999996,-81.86483299999999,0,0,0,0
Strongsville,41.316712,-81.82829100000001,0,0,0,0
Lancaster,39.73069,-82.621404,0,0,0,0
Cleveland West,41.46842,-81.771174,0,0,0,0
Port Huron,43.034255,-82.453353,0,0,0,0
Parma,41.377624,-81.73558,0,0,0,0
Cleveland South,41.458019,-81.68943900000001,0,0,0,0
Wadsworth,41.040621,-81.690793,0,0,0,0
Fairlawn,41.127561,-81.60481700000001,0,0,0,0
University Heights,41.500477000000004,-81.533377,0,0,0,0
Macedonia,41.311787,-81.525952,0,0,0,0
Cuyahoga Falls,41.12039,-81.476927,0,0,0,0
Green,40.983634,-81.49521999999999,0,0,0,0
Mayfield Heights,41.525092,-81.435551,0,0,0,0
Willoughby,41.628859000000006,-81.429326,0,0,0,0
Massillon,40.800810999999996,-81.49699,0,0,0,0
Stow,41.15571,-81.410207,0,0,0,0
Bainbridge,41.357756,-81.386676,0,0,0,0
Canton,40.861641999999996,-81.430975,0,0,0,0
Streetsboro,41.237455,-81.352747,0,0,0,0
Mentor,41.686438,-81.293072,0,0,0,0
Barboursville,38.420497,-82.285095,0,0,0,0
Charleston,38.338227,-81.714517,0,0,0,0
Wheeling,40.056346000000005,-80.599357,0,0,0,0
Bridgeport,39.311828000000006,-80.27441999999999,0,0,0,0
Niles,41.216528000000004,-80.752596,0,0,0,0
Boardman,41.021135,-80.645763,0,0,0,0
Roanoke,37.299673999999996,-79.958603,0,0,0,0
Danville,36.599244,-79.41857900000001,0,0,0,0
Durham,35.966462,-78.959448,0,0,0,0
Durham SE,35.903257,-78.956402,0,0,0,0
Morgantown,39.649432,-80.000996,0,0,0,0
Washington,40.188115,-80.226996,0,0,0,0
South Union Twp,39.907944,-79.757993,0,0,0,0
North Fayette,40.445763,-80.183284,0,0,0,0
Upper St. Clair,40.344245,-80.057074,0,0,0,0
West Mifflin,40.348613,-79.953199,0,0,0,0
Center Township,40.680831,-80.312081,0,0,0,0
Mount Nebo,40.535463,-80.06777199999999,0,0,0,0
Waterfront,40.410763,-79.91080600000001,0,0,0,0
Ross Township,40.526686,-80.007524,0,0,0,0
East Liberty,40.460865000000005,-79.922276,0,0,0,0
McCandless,40.585505,-80.0411,0,0,0,0
North Huntingdon,40.320842999999996,-79.688342,0,0,0,0
Cranberry,40.688076,-80.084992,0,0,0,0
Monroeville,40.434376,-79.772037,0,0,0,0
Greensburg,40.303526,-79.59617800000001,0,0,0,0
Harmar,40.537955,-79.837073,0,0,0,0
Richland Twp North,40.642337,-79.941313,0,0,0,0
Butler,40.874961,-79.941553,0,0,0,0
Cary West,35.844771,-78.885305,0,0,0,0
Apex,35.744923,-78.877201,0,0,0,0
Raleigh NW,35.902854,-78.785834,0,0,0,0
Morrisville,35.805402,-78.816133,0,0,0,0
Raleigh Hwy 70,35.870472,-78.719468,0,0,0,0
Cary,35.758061,-78.738405,0,0,0,0
Raleigh NC State Hillsborough St,35.788206,-78.668787,0,0,0,0
Raleigh Central,35.836290999999996,-78.642612,0,0,0,0
Baytown,29.771681,-94.976375,0,0,0,0
Galveston,29.290682,-94.8403,0,0,0,0
Clear Lake Shores,29.539103000000004,-95.02265899999999,0,0,0,0
League City,29.465769,-95.085194,0,0,0,0
Pasadena,29.65225,-95.152497,0,0,0,0
Baybrook,29.53649,-95.151593,0,0,0,0
Houston South,29.60213,-95.26456999999999,0,0,0,0
Willowbrook,29.968063,-95.531155,0,0,0,0
Tomball Parkway,30.000192,-95.58411,0,0,0,0
Houston Central,29.774663,-95.384816,0,0,0,0
Houston NW,29.849244,-95.502707,0,0,0,0
Steeplechase,29.919296000000003,-95.604957,0,0,0,0
Galleria,29.745243,-95.453373,0,0,0,0
Houston South Central,29.692869,-95.418438,0,0,0,0
Cypress,29.969864,-95.696189,0,0,0,0
Houston Memorial,29.782473,-95.54226700000001,0,0,0,0
Copperfield,29.877608000000002,-95.646855,0,0,0,0
Houston Meyerland,29.686678000000004,-95.46248800000001,0,0,0,0
Westheimer,29.735151000000002,-95.517449,0,0,0,0
Westchase,29.735533,-95.568335,0,0,0,0
Pearland,29.553337,-95.384025,0,0,0,0
Houston Far West,29.733015,-95.626743,0,0,0,0
Katy,29.782355,-95.716756,0,0,0,0
Missouri City,29.565628000000004,-95.567324,0,0,0,0
Sugar Land,29.596464,-95.627224,0,0,0,0
Katy West,29.735751,-95.775786,0,0,0,0
Richmond Grand Pkwy SW,29.658214,-95.71077,0,0,0,0
Rosenberg,29.547753999999998,-95.75145400000001,0,0,0,0
Lake Jackson,29.050208,-95.464699,0,0,0,0
Temple,31.0926,-97.3855,0,0,0,0
Harker Heights,31.073937,-97.66253,0,0,0,0
Pflugerville,30.467371000000004,-97.598124,0,0,0,0
Georgetown,30.631512,-97.698122,0,0,0,0
Round Rock,30.4791,-97.6694,0,0,0,0
Victoria,28.865441999999998,-96.999353,0,0,0,0
Austin East,30.316057,-97.70676,0,0,0,0
Austin North,30.362314,-97.715779,0,0,0,0
Bangor,44.842191,-68.74155999999999,0,0,0,0
Wilson,35.740634,-77.96536800000001,0,0,0,0
Wake Forest,35.97435,-78.54142900000001,0,0,0,0
Raleigh NE,35.865849,-78.567983,0,0,0,0
Knightdale,35.798190000000005,-78.509218,0,0,0,0
New Bern,35.101464,-77.09676,0,0,0,0
Erie,42.055523,-80.094522,0,0,0,0
Orchard Park,42.792084,-78.783726,0,0,0,0
Cheektowaga,42.879326,-78.69833100000001,0,0,0,0
Walden Galleria,42.910928000000006,-78.772622,0,0,0,0
North Buffalo,42.955802,-78.873757,0,0,0,0
Eastern Hills,42.994664,-78.698502,0,0,0,0
Boulevard Mall,42.998587,-78.818665,0,0,0,0
Batavia,43.015991,-78.201993,0,0,0,0
Niagara Falls,43.089764,-78.979833,0,0,0,0
Garner East,35.687567,-78.57922099999999,0,0,0,0
Garner,35.715937,-78.638227,0,0,0,0
Goldsboro,35.379622999999995,-77.939423,0,0,0,0
Marquette,46.551176,-87.460326,0,-1,-1,-1
Virginia,47.510808000000004,-92.549759,0,0,0,0
Grand Rapids,47.209548999999996,-93.52719300000001,0,0,0,0
Bemidji,47.493679,-94.91056400000001,0,0,0,0
Grand Forks,47.887188,-97.079468,0,0,0,0
Bismarck,46.799078,-100.783506,0,-1,-1,-1
Minot,48.207108000000005,-101.31339100000001,0,-1,-1,-1
Jacksonville,34.785885,-77.404038,0,0,0,0
Roswell,33.427761,-104.521793,0,-1,-1,-1
Odessa,31.89194,-102.34782,0,0,12,12
Lubbock,33.528009000000004,-101.872299,0,0,12,12
Midland,32.023796000000004,-102.145453,0,0,12,12
Abilene,32.405417,-99.767259,0,0,-1,-1
San Angelo,31.431875,-100.501245,0,0,-1,-1
Cedar Park,30.528318,-97.813337,0,0,0,0
Austin NW,30.476153999999998,-97.796425,0,0,0,0
Austin Arboretum,30.392678999999998,-97.744668,0,0,0,0
Four Points,30.402109000000003,-97.850225,0,0,0,0
Bee Cave,30.316956,-97.954375,0,0,0,0
Austin UT Campus,30.283604999999998,-97.741641,0,0,0,0
Austin South,30.233362,-97.792106,0,0,0,0
Austin SW,30.2337,-97.8285,0,0,0,0
Fairview,45.532785,-122.442144,0,9,11,11
Vancouver East,45.616707,-122.50513400000001,0,9,11,11
Portland NE,45.57659,-122.564823,0,9,11,11
Portland East,45.516017,-122.562351,0,9,11,11
Vancouver,45.650676000000004,-122.591779,0,9,11,11
Bonney Lake,47.172074,-122.171692,0,9,11,11
Clackamas,45.431404,-122.57081000000001,0,9,11,11
Vancouver NW,45.686388,-122.667686,0,9,11,11
Puyallup South,47.113456,-122.29221399999999,0,9,11,11
Portland NW,45.612967,-122.68236100000001,0,9,11,11
Portland Galleria,45.520151,-122.681848,0,9,11,11
Puyallup,47.159345,-122.29516399999999,0,9,11,11
Kent,47.366609000000004,-122.202974,0,9,11,11
Washington Square,45.454165,-122.779459,0,9,11,11
Federal Way,47.313592,-122.305539,0,9,11,11
Beaverton,45.487853,-122.788207,0,9,11,11
Wilsonville,45.333101,-122.766997,0,9,11,11
Renton,47.496772,-122.200399,0,9,11,11
South Center,47.455299,-122.258402,0,9,11,11
Tanasbourne,45.539153999999996,-122.864855,0,9,11,11
Sherwood,45.366442,-122.838655,0,9,11,11
Factoria,47.574202,-122.172947,0,9,11,11
Lakewood,47.163639,-122.51178200000001,0,9,11,11
Kelso,46.142714,-122.899321,0,9,11,11
North Tacoma,47.237213,-122.47994299999999,0,9,11,11
Hillsboro,45.507197,-122.957016,0,9,11,11
West Seattle,47.521889,-122.368834,0,9,11,11
Woodinville,47.758916,-122.154601,0,9,11,11
Seattle Pike Plaza,47.608940999999994,-122.33905800000001,0,9,11,11
Gig Harbor,47.360864,-122.607339,0,9,11,11
Lacey,47.042749,-122.83586000000001,0,9,11,11
Northgate,47.70897,-122.32501200000002,0,9,11,11
Lynnwood,47.832446000000004,-122.26658799999998,0,9,11,11
Olympia,47.044627,-122.93736799999999,0,9,11,11
Everett,47.910051,-122.22678400000001,0,9,11,11
Silverdale,47.658217,-122.69404899999999,0,9,11,11
Marysville,48.149415999999995,-122.192027,0,9,11,11
Burlington,48.465356,-122.338606,0,9,11,11
Bellingham,48.786495,-122.493602,0,9,11,11
Laredo East,27.516109999999998,-99.45180699999999,0,0,-1,-1
Laredo,27.569584000000003,-99.499934,0,0,-1,-1
McAllen North,26.268482000000002,-98.216553,0,0,0,0
McAllen Northwest,26.24457,-98.254367,0,0,0,0
Mission,26.197203,-98.28366899999999,0,0,0,0
Corpus Christi,27.706821,-97.374015,0,0,0,0
McAllen,26.186369,-98.21305799999999,0,0,0,0
Harlingen,26.183007,-97.721719,0,0,0,0
Brownsville North,25.9686,-97.509487,0,0,0,0
SW Military Drive,29.355946999999997,-98.542542,0,0,0,0
San Antonio SE,29.353592,-98.436513,0,0,0,0
San Antonio Westover,29.438798,-98.64903000000001,0,0,0,0
San Antonio Culebra,29.493253000000003,-98.709562,0,0,0,0
Balcones Heights Crossroads,29.494545000000002,-98.551497,0,0,0,0
Alamo Heights,29.488814,-98.447283,0,0,0,0
Park North,29.517056,-98.504488,0,0,0,0
San Antonio West,29.547842,-98.663965,0,0,0,0
Bitters,29.565134999999998,-98.479886,0,0,0,0
San Antonio NE,29.568996999999996,-98.32709799999999,0,0,0,0
La Cantera,29.606476,-98.597432,0,0,0,0
San Antonio North,29.611833,-98.510142,0,0,0,0
Stone Oak,29.653311,-98.44503399999999,0,0,0,0
New Braunfels,29.730890000000002,-98.073444,0,0,0,0
San Marcos,29.846426,-97.970298,0,0,0,0
Kyle,30.011692,-97.864363,0,0,0,0
Austin Southpark,30.162592,-97.79356800000001,0,0,0,0
